Date,kbo_games,kbo_cancelled,kbo_any_game,kbo_seoul_games,kbo_first_start,kbo_main_start,kbo_games_19,kbo_games_21,kbo_overlap_19,kbo_overlap_21,kbo_is_postseason,sched__kbo_games,sched__kbo_any_game,sched__kbo_seoul_games,sched__kbo_first_start,sched__kbo_main_start,sched__kbo_games_19,sched__kbo_games_21,sched__kbo_overlap_19,sched__kbo_overlap_21,sched__kbo_is_postseason
2021-03-21,5.0,0.0,1.0,1.0,13.0,13.0,0.0,0.0,0.0,0.0,0.0,5,1,1,13.0,13.0,0,0,0.0,0.0,0
2021-03-22,5.0,0.0,1.0,1.0,13.0,13.0,1.0,1.0,1.0,0.25,0.0,5,1,1,13.0,13.0,1,1,1.0,0.25,0
2021-03-23,5.0,0.0,1.0,1.0,13.0,13.0,0.0,0.0,0.0,0.0,0.0,5,1,1,13.0,13.0,0,0,0.0,0.0,0
2021-03-25,5.0,0.0,1.0,1.0,13.0,13.0,0.0,0.0,0.0,0.0,0.0,5,1,1,13.0,13.0,0,0,0.0,0.0,0
2021-03-26,5.0,0.0,1.0,1.0,13.0,13.0,0.0,0.0,0.0,0.0,0.0,5,1,1,13.0,13.0,0,0,0.0,0.0,0
2021-03-28,4.0,0.0,1.0,1.0,13.0,13.0,0.0,0.0,0.0,0.0,0.0,4,1,1,13.0,13.0,0,0,0.0,0.0,0
2021-03-29,1.0,0.0,1.0,1.0,18.0,18.0,1.0,1.0,1.0,0.25,0.0,1,1,1,18.0,18.0,1,1,1.0,0.25,0
2021-03-30,5.0,0.0,1.0,1.0,12.0,13.0,1.0,1.0,1.0,0.25,0.0,5,1,1,12.0,13.0,1,1,1.0,0.25,0
2021-04-03,1.0,4.0,1.0,1.0,14.0,14.0,0.0,0.0,0.0,0.0,0.0,5,1,2,14.0,14.0,0,0,0.0,0.0,0
2021-04-04,5.0,0.0,1.0,2.0,14.0,14.0,0.0,0.0,0.0,0.0,0.0,5,1,2,14.0,14.0,0,0,0.0,0.0,0
2021-04-06,5.0,0.0,1.0,2.0,18.5,18.5,5.0,5.0,1.0,0.75,0.0,5,1,2,18.5,18.5,5,5,1.0,0.75,0
2021-04-07,5.0,0.0,1.0,2.0,18.5,18.5,5.0,5.0,1.0,0.75,0.0,5,1,2,18.5,18.5,5,5,1.0,0.75,0
2021-04-08,5.0,0.0,1.0,2.0,18.5,18.5,5.0,5.0,1.0,0.75,0.0,5,1,2,18.5,18.5,5,5,1.0,0.75,0
2021-04-09,5.0,0.0,1.0,1.0,18.5,18.5,5.0,5.0,1.0,0.75,0.0,5,1,1,18.5,18.5,5,5,1.0,0.75,0
2021-04-10,5.0,0.0,1.0,1.0,14.0,17.0,3.0,0.0,1.0,0.0,0.0,5,1,1,14.0,17.0,3,0,1.0,0.0,0
2021-04-11,5.0,0.0,1.0,1.0,14.0,14.0,0.0,0.0,0.0,0.0,0.0,5,1,1,14.0,14.0,0,0,0.0,0.0,0
2021-04-13,5.0,0.0,1.0,2.0,18.5,18.5,5.0,5.0,1.0,0.75,0.0,5,1,2,18.5,18.5,5,5,1.0,0.75,0
2021-04-14,5.0,0.0,1.0,2.0,18.5,18.5,5.0,5.0,1.0,0.75,0.0,5,1,2,18.5,18.5,5,5,1.0,0.75,0
2021-04-15,5.0,0.0,1.0,2.0,18.5,18.5,5.0,5.0,1.0,0.75,0.0,5,1,2,18.5,18.5,5,5,1.0,0.75,0
2021-04-16,5.0,0.0,1.0,1.0,18.5,18.5,5.0,5.0,1.0,1.0,0.0,5,1,1,18.5,18.5,5,5,1.0,1.0,0
2021-04-17,5.0,0.0,1.0,1.0,14.0,17.0,4.0,0.0,1.0,0.0,0.0,5,1,1,14.0,17.0,4,0,1.0,0.0,0
2021-04-18,5.0,0.0,1.0,1.0,14.0,14.0,0.0,0.0,0.0,0.0,0.0,5,1,1,14.0,14.0,0,0,0.0,0.0,0
2021-04-20,5.0,0.0,1.0,1.0,18.5,18.5,5.0,5.0,1.0,0.75,0.0,5,1,1,18.5,18.5,5,5,1.0,0.75,0
2021-04-21,5.0,0.0,1.0,1.0,18.5,18.5,5.0,5.0,1.0,0.75,0.0,5,1,1,18.5,18.5,5,5,1.0,0.75,0
2021-04-22,5.0,0.0,1.0,1.0,18.5,18.5,5.0,5.0,1.0,0.75,0.0,5,1,1,18.5,18.5,5,5,1.0,0.75,0
2021-04-23,5.0,0.0,1.0,2.0,18.5,18.5,5.0,5.0,1.0,0.75,0.0,5,1,2,18.5,18.5,5,5,1.0,0.75,0
2021-04-24,5.0,0.0,1.0,2.0,14.0,17.0,3.0,0.0,1.0,0.0,0.0,5,1,2,14.0,17.0,3,0,1.0,0.0,0
2021-04-25,5.0,0.0,1.0,2.0,14.0,14.0,0.0,0.0,0.0,0.0,0.0,5,1,2,14.0,14.0,0,0,0.0,0.0,0
2021-04-27,5.0,0.0,1.0,2.0,18.5,18.5,5.0,5.0,1.0,0.75,0.0,5,1,2,18.5,18.5,5,5,1.0,0.75,0
2021-04-28,5.0,0.0,1.0,2.0,18.5,18.5,5.0,5.0,1.0,0.75,0.0,5,1,2,18.5,18.5,5,5,1.0,0.75,0
2021-04-29,5.0,0.0,1.0,2.0,18.5,18.5,5.0,5.0,1.0,0.75,0.0,5,1,2,18.5,18.5,5,5,1.0,0.75,0
2021-04-30,5.0,0.0,1.0,1.0,18.5,18.5,5.0,5.0,1.0,1.0,0.0,5,1,1,18.5,18.5,5,5,1.0,1.0,0
2021-05-01,5.0,0.0,1.0,1.0,17.0,17.0,5.0,0.0,1.0,0.0,0.0,5,1,1,17.0,17.0,5,0,1.0,0.0,0
2021-05-02,5.0,0.0,1.0,1.0,14.0,14.0,0.0,0.0,0.0,0.0,0.0,5,1,1,14.0,14.0,0,0,0.0,0.0,0
2021-05-04,0.0,5.0,0.0,0.0,-1.0,-1.0,0.0,0.0,0.0,0.0,0.0,5,1,2,18.5,18.5,5,5,1.0,0.75,0
2021-05-05,5.0,0.0,1.0,2.0,14.0,14.0,0.0,0.0,0.0,0.0,0.0,5,1,2,14.0,14.0,0,0,0.0,0.0,0
2021-05-06,5.0,0.0,1.0,2.0,18.5,18.5,5.0,5.0,1.0,0.75,0.0,5,1,2,18.5,18.5,5,5,1.0,0.75,0
2021-05-07,1.0,4.0,1.0,0.0,18.5,18.5,1.0,1.0,1.0,0.75,0.0,5,1,1,18.5,18.5,5,5,1.0,0.75,0
2021-05-08,5.0,4.0,1.0,1.0,17.0,17.0,5.0,0.0,1.0,0.0,0.0,9,1,2,14.0,17.0,5,0,1.0,0.0,0
2021-05-09,9.0,0.0,1.0,2.0,14.0,14.0,4.0,2.0,1.0,0.31666666666666643,0.0,9,1,2,14.0,14.0,4,2,1.0,0.31666666666666643,0
2021-05-11,5.0,0.0,1.0,1.0,18.5,18.5,5.0,5.0,1.0,0.75,0.0,5,1,1,18.5,18.5,5,5,1.0,0.75,0
2021-05-12,5.0,0.0,1.0,1.0,18.5,18.5,5.0,5.0,1.0,0.75,0.0,5,1,1,18.5,18.5,5,5,1.0,0.75,0
2021-05-13,5.0,0.0,1.0,1.0,18.5,18.5,5.0,5.0,1.0,0.75,0.0,5,1,1,18.5,18.5,5,5,1.0,0.75,0
2021-05-14,5.0,0.0,1.0,2.0,18.5,18.5,5.0,5.0,1.0,1.0,0.0,5,1,2,18.5,18.5,5,5,1.0,1.0,0
2021-05-15,4.0,1.0,1.0,2.0,14.0,14.0,2.0,0.0,1.0,0.0,0.0,5,1,2,14.0,17.0,3,0,1.0,0.0,0
2021-05-16,1.0,5.0,1.0,1.0,14.0,14.0,0.0,0.0,0.0,0.0,0.0,6,1,2,14.0,14.0,1,0,1.0,0.0,0
2021-05-17,2.0,2.0,1.0,1.0,18.5,18.5,2.0,2.0,1.0,0.75,0.0,4,1,1,18.5,18.5,4,4,1.0,0.75,0
2021-05-18,5.0,0.0,1.0,1.0,18.5,18.5,5.0,5.0,1.0,0.75,0.0,5,1,1,18.5,18.5,5,5,1.0,0.75,0
2021-05-19,5.0,0.0,1.0,1.0,14.0,14.0,0.0,0.0,0.0,0.0,0.0,5,1,1,14.0,14.0,0,0,0.0,0.0,0
2021-05-20,1.0,4.0,1.0,1.0,18.5,18.5,1.0,1.0,1.0,0.75,0.0,5,1,1,18.5,18.5,5,5,1.0,0.75,0
2021-05-21,5.0,0.0,1.0,2.0,18.5,18.5,5.0,5.0,1.0,0.75,0.0,5,1,2,18.5,18.5,5,5,1.0,0.75,0
2021-05-22,5.0,0.0,1.0,2.0,17.0,17.0,5.0,0.0,1.0,0.0,0.0,5,1,2,17.0,17.0,5,0,1.0,0.0,0
2021-05-23,5.0,0.0,1.0,2.0,14.0,14.0,0.0,0.0,0.0,0.0,0.0,5,1,2,14.0,14.0,0,0,0.0,0.0,0
2021-05-25,0.0,5.0,0.0,0.0,-1.0,-1.0,0.0,0.0,0.0,0.0,0.0,5,1,1,18.5,18.5,5,5,1.0,0.75,0
2021-05-26,5.0,0.0,1.0,1.0,18.5,18.5,5.0,5.0,1.0,0.75,0.0,5,1,1,18.5,18.5,5,5,1.0,0.75,0
2021-05-27,5.0,0.0,1.0,1.0,18.5,18.5,5.0,5.0,1.0,0.75,0.0,5,1,1,18.5,18.5,5,5,1.0,0.75,0
2021-05-28,4.0,1.0,1.0,1.0,18.5,18.5,4.0,4.0,1.0,0.75,0.0,5,1,1,18.5,18.5,5,5,1.0,0.75,0
2021-05-29,6.0,0.0,1.0,1.0,14.0,17.0,5.0,1.0,1.0,0.216666666666665,0.0,6,1,1,14.0,17.0,5,1,1.0,0.216666666666665,0
2021-05-30,5.0,0.0,1.0,1.0,14.0,14.0,0.0,0.0,0.0,0.0,0.0,5,1,1,14.0,14.0,0,0,0.0,0.0,0
2021-06-01,5.0,0.0,1.0,2.0,18.5,18.5,5.0,5.0,1.0,0.75,0.0,5,1,2,18.5,18.5,5,5,1.0,0.75,0
2021-06-02,5.0,0.0,1.0,2.0,18.5,18.5,5.0,5.0,1.0,0.75,0.0,5,1,2,18.5,18.5,5,5,1.0,0.75,0
2021-06-03,1.0,4.0,1.0,1.0,18.5,18.5,1.0,1.0,1.0,0.75,0.0,5,1,2,18.5,18.5,5,5,1.0,0.75,0
2021-06-04,5.0,0.0,1.0,2.0,18.5,18.5,5.0,5.0,1.0,1.0,0.0,5,1,2,18.5,18.5,5,5,1.0,1.0,0
2021-06-05,5.0,0.0,1.0,2.0,17.0,17.0,5.0,0.0,1.0,0.0,0.0,5,1,2,17.0,17.0,5,0,1.0,0.0,0
2021-06-06,5.0,0.0,1.0,2.0,17.0,17.0,5.0,0.0,1.0,0.0,0.0,5,1,2,17.0,17.0,5,0,1.0,0.0,0
2021-06-08,5.0,0.0,1.0,1.0,18.5,18.5,5.0,5.0,1.0,0.75,0.0,5,1,1,18.5,18.5,5,5,1.0,0.75,0
2021-06-09,5.0,0.0,1.0,1.0,18.5,18.5,5.0,5.0,1.0,0.75,0.0,5,1,1,18.5,18.5,5,5,1.0,0.75,0
2021-06-10,4.0,1.0,1.0,1.0,18.5,18.5,4.0,4.0,1.0,0.75,0.0,5,1,1,18.5,18.5,5,5,1.0,0.75,0
2021-06-11,4.0,1.0,1.0,1.0,18.5,18.5,4.0,4.0,1.0,0.75,0.0,5,1,1,18.5,18.5,5,5,1.0,0.75,0
2021-06-12,4.0,2.0,1.0,1.0,17.0,17.0,4.0,0.0,1.0,0.0,0.0,6,1,1,14.0,17.0,5,0,1.0,0.0,0
2021-06-13,6.0,0.0,1.0,1.0,14.0,17.0,5.0,1.0,1.0,0.5,0.0,6,1,1,14.0,17.0,5,1,1.0,0.5,0
2021-06-15,3.0,2.0,1.0,2.0,18.5,18.5,3.0,3.0,1.0,0.75,0.0,5,1,2,18.5,18.5,5,5,1.0,0.75,0
2021-06-16,7.0,0.0,1.0,2.0,15.0,18.5,5.0,5.0,1.0,1.0,0.0,7,1,2,15.0,18.5,5,5,1.0,1.0,0
2021-06-17,5.0,0.0,1.0,2.0,18.5,18.5,5.0,5.0,1.0,0.75,0.0,5,1,2,18.5,18.5,5,5,1.0,0.75,0
2021-06-18,5.0,0.0,1.0,1.0,18.5,18.5,5.0,5.0,1.0,1.0,0.0,5,1,1,18.5,18.5,5,5,1.0,1.0,0
2021-06-19,6.0,0.0,1.0,1.0,14.0,17.0,5.0,0.0,1.0,0.0,0.0,6,1,1,14.0,17.0,5,0,1.0,0.0,0
2021-06-20,5.0,0.0,1.0,1.0,17.0,17.0,5.0,0.0,1.0,0.0,0.0,5,1,1,17.0,17.0,5,0,1.0,0.0,0
2021-06-22,5.0,0.0,1.0,1.0,18.5,18.5,5.0,5.0,1.0,0.75,0.0,5,1,1,18.5,18.5,5,5,1.0,0.75,0
2021-06-23,5.0,0.0,1.0,1.0,18.5,18.5,5.0,5.0,1.0,0.75,0.0,5,1,1,18.5,18.5,5,5,1.0,0.75,0
2021-06-24,5.0,0.0,1.0,1.0,18.5,18.5,5.0,5.0,1.0,0.75,0.0,5,1,1,18.5,18.5,5,5,1.0,0.75,0
2021-06-25,4.0,1.0,1.0,2.0,18.5,18.5,4.0,4.0,1.0,1.0,0.0,5,1,2,18.5,18.5,5,5,1.0,1.0,0
2021-06-26,6.0,0.0,1.0,2.0,14.0,17.0,5.0,1.0,1.0,0.6833333333333336,0.0,6,1,2,14.0,17.0,5,1,1.0,0.6833333333333336,0
2021-06-27,4.0,0.0,1.0,1.0,17.0,17.0,4.0,0.0,1.0,0.0,0.0,4,1,1,17.0,17.0,4,0,1.0,0.0,0
2021-06-29,3.0,2.0,1.0,1.0,18.5,18.5,3.0,3.0,1.0,0.75,0.0,5,1,2,18.5,18.5,5,5,1.0,0.75,0
2021-06-30,5.0,2.0,1.0,2.0,15.0,18.5,4.0,4.0,1.0,0.9499999999999993,0.0,7,1,3,15.0,18.5,5,5,1.0,0.9499999999999993,0
2021-07-01,5.0,0.0,1.0,2.0,18.5,18.5,5.0,5.0,1.0,0.75,0.0,5,1,2,18.5,18.5,5,5,1.0,0.75,0
2021-07-02,5.0,0.0,1.0,1.0,18.5,18.5,5.0,5.0,1.0,1.0,0.0,5,1,1,18.5,18.5,5,5,1.0,1.0,0
2021-07-03,0.0,5.0,0.0,0.0,-1.0,-1.0,0.0,0.0,0.0,0.0,0.0,5,1,1,18.0,18.0,5,5,1.0,0.25,0
2021-07-04,5.0,0.0,1.0,1.0,17.0,17.0,5.0,0.0,1.0,0.0,0.0,5,1,1,17.0,17.0,5,0,1.0,0.0,0
2021-07-05,3.0,2.0,1.0,1.0,18.5,18.5,3.0,3.0,1.0,0.75,0.0,5,1,1,18.5,18.5,5,5,1.0,0.75,0
2021-07-06,2.0,3.0,1.0,2.0,18.5,18.5,2.0,2.0,1.0,0.75,0.0,5,1,2,18.5,18.5,5,5,1.0,0.75,0
2021-07-07,3.0,2.0,1.0,2.0,18.5,18.5,3.0,3.0,1.0,0.75,0.0,5,1,2,18.5,18.5,5,5,1.0,0.75,0
2021-07-08,2.0,3.0,1.0,1.0,18.5,18.5,2.0,2.0,1.0,0.75,0.0,5,1,2,18.5,18.5,5,5,1.0,0.75,0
2021-07-09,3.0,2.0,1.0,0.0,18.5,18.5,3.0,3.0,1.0,0.75,0.0,5,1,2,18.5,18.5,5,5,1.0,0.75,0
2021-07-10,2.0,3.0,1.0,0.0,18.0,18.0,2.0,2.0,1.0,0.25,0.0,5,1,2,18.0,18.0,5,5,1.0,0.25,0
2021-07-11,3.0,2.0,1.0,0.0,17.0,17.0,3.0,0.0,1.0,0.0,0.0,5,1,2,17.0,17.0,5,0,1.0,0.0,0
2021-07-13,0.0,5.0,0.0,0.0,-1.0,-1.0,0.0,0.0,0.0,0.0,0.0,5,1,1,18.5,18.5,5,5,1.0,0.75,0
2021-07-14,0.0,5.0,0.0,0.0,-1.0,-1.0,0.0,0.0,0.0,0.0,0.0,5,1,1,18.5,18.5,5,5,1.0,0.75,0
2021-07-15,0.0,5.0,0.0,0.0,-1.0,-1.0,0.0,0.0,0.0,0.0,0.0,5,1,1,18.5,18.5,5,5,1.0,0.75,0
2021-07-16,0.0,5.0,0.0,0.0,-1.0,-1.0,0.0,0.0,0.0,0.0,0.0,5,1,1,18.5,18.5,5,5,1.0,1.0,0
2021-07-17,0.0,5.0,0.0,0.0,-1.0,-1.0,0.0,0.0,0.0,0.0,0.0,5,1,1,18.0,18.0,5,5,1.0,0.25,0
2021-07-18,0.0,5.0,0.0,0.0,-1.0,-1.0,0.0,0.0,0.0,0.0,0.0,5,1,1,17.0,17.0,5,0,1.0,0.0,0
2021-08-10,4.0,1.0,1.0,2.0,18.5,18.5,4.0,4.0,1.0,0.75,0.0,5,1,2,18.5,18.5,5,5,1.0,0.75,0
2021-08-11,5.0,0.0,1.0,2.0,18.5,18.5,5.0,5.0,1.0,0.75,0.0,5,1,2,18.5,18.5,5,5,1.0,0.75,0
2021-08-12,3.0,2.0,1.0,1.0,18.5,18.5,3.0,3.0,1.0,0.75,0.0,5,1,2,18.5,18.5,5,5,1.0,0.75,0
2021-08-13,5.0,0.0,1.0,2.0,18.5,18.5,5.0,5.0,1.0,0.75,0.0,5,1,2,18.5,18.5,5,5,1.0,0.75,0
2021-08-14,5.0,0.0,1.0,2.0,18.0,18.0,5.0,5.0,1.0,0.25,0.0,5,1,2,18.0,18.0,5,5,1.0,0.25,0
2021-08-15,5.0,0.0,1.0,2.0,17.0,17.0,5.0,0.0,1.0,0.0,0.0,5,1,2,17.0,17.0,5,0,1.0,0.0,0
2021-08-17,3.0,2.0,1.0,0.0,18.5,18.5,3.0,3.0,1.0,0.75,0.0,5,1,1,18.5,18.5,5,5,1.0,0.75,0
2021-08-18,5.0,0.0,1.0,1.0,18.5,18.5,5.0,5.0,1.0,0.75,0.0,5,1,1,18.5,18.5,5,5,1.0,0.75,0
2021-08-19,4.0,1.0,1.0,1.0,18.5,18.5,4.0,4.0,1.0,0.75,0.0,5,1,1,18.5,18.5,5,5,1.0,0.75,0
2021-08-20,5.0,0.0,1.0,1.0,18.5,18.5,5.0,5.0,1.0,1.0,0.0,5,1,1,18.5,18.5,5,5,1.0,1.0,0
2021-08-21,1.0,4.0,1.0,1.0,18.0,18.0,1.0,1.0,1.0,0.25,0.0,5,1,1,18.0,18.0,5,5,1.0,0.25,0
2021-08-22,5.0,0.0,1.0,1.0,17.0,17.0,5.0,0.0,1.0,0.0,0.0,5,1,1,17.0,17.0,5,0,1.0,0.0,0
2021-08-23,1.0,4.0,1.0,0.0,18.5,18.5,1.0,1.0,1.0,0.75,0.0,5,1,1,18.5,18.5,5,5,1.0,0.75,0
2021-08-24,3.0,2.0,1.0,1.0,18.5,18.5,3.0,3.0,1.0,0.75,0.0,5,1,1,18.5,18.5,5,5,1.0,0.75,0
2021-08-25,4.0,1.0,1.0,2.0,18.5,18.5,4.0,4.0,1.0,0.75,0.0,5,1,2,18.5,18.5,5,5,1.0,0.75,0
2021-08-26,6.0,0.0,1.0,2.0,15.0,18.5,5.0,5.0,1.0,0.8500000000000014,0.0,6,1,2,15.0,18.5,5,5,1.0,0.8500000000000014,0
2021-08-27,4.0,1.0,1.0,2.0,18.5,18.5,4.0,4.0,1.0,1.0,0.0,5,1,2,18.5,18.5,5,5,1.0,1.0,0
2021-08-28,5.0,0.0,1.0,1.0,18.0,18.0,5.0,5.0,1.0,0.25,0.0,5,1,1,18.0,18.0,5,5,1.0,0.25,0
2021-08-29,5.0,0.0,1.0,1.0,17.0,17.0,5.0,0.0,1.0,0.0,0.0,5,1,1,17.0,17.0,5,0,1.0,0.0,0
2021-08-31,3.0,2.0,1.0,0.0,18.5,18.5,3.0,3.0,1.0,0.75,0.0,5,1,1,18.5,18.5,5,5,1.0,0.75,0
2021-09-01,6.0,2.0,1.0,2.0,15.0,15.0,3.0,3.0,1.0,0.8000000000000007,0.0,8,1,2,15.0,18.5,5,5,1.0,0.8000000000000007,0
2021-09-02,4.0,1.0,1.0,2.0,18.5,18.5,4.0,4.0,1.0,0.75,0.0,5,1,2,18.5,18.5,5,5,1.0,0.75,0
2021-09-03,6.0,0.0,1.0,2.0,15.0,18.5,5.0,5.0,1.0,0.7666666666666657,0.0,6,1,2,15.0,18.5,5,5,1.0,0.7666666666666657,0
2021-09-04,5.0,0.0,1.0,2.0,17.0,17.0,5.0,0.0,1.0,0.0,0.0,5,1,2,17.0,17.0,5,0,1.0,0.0,0
2021-09-05,5.0,0.0,1.0,2.0,14.0,14.0,0.0,0.0,0.0,0.0,0.0,5,1,2,14.0,14.0,0,0,0.0,0.0,0
2021-09-07,2.0,3.0,1.0,0.0,18.5,18.5,2.0,2.0,1.0,0.75,0.0,5,1,1,18.5,18.5,5,5,1.0,0.75,0
2021-09-08,5.0,0.0,1.0,1.0,18.5,18.5,5.0,5.0,1.0,0.75,0.0,5,1,1,18.5,18.5,5,5,1.0,0.75,0
2021-09-09,5.0,0.0,1.0,2.0,18.5,18.5,5.0,5.0,1.0,0.75,0.0,5,1,2,18.5,18.5,5,5,1.0,0.75,0
2021-09-10,5.0,0.0,1.0,2.0,18.5,18.5,5.0,5.0,1.0,1.0,0.0,5,1,2,18.5,18.5,5,5,1.0,1.0,0
2021-09-11,5.0,0.0,1.0,1.0,17.0,17.0,5.0,0.0,1.0,0.0,0.0,5,1,1,17.0,17.0,5,0,1.0,0.0,0
2021-09-12,10.0,0.0,1.0,2.0,14.0,14.0,5.0,1.0,1.0,0.6333333333333329,0.0,10,1,2,14.0,14.0,5,1,1.0,0.6333333333333329,0
2021-09-14,5.0,0.0,1.0,1.0,18.5,18.5,5.0,5.0,1.0,0.75,0.0,5,1,1,18.5,18.5,5,5,1.0,0.75,0
2021-09-15,6.0,0.0,1.0,1.0,15.0,18.5,5.0,5.0,1.0,0.9333333333333336,0.0,6,1,1,15.0,18.5,5,5,1.0,0.9333333333333336,0
2021-09-16,5.0,0.0,1.0,2.0,18.5,18.5,5.0,5.0,1.0,0.75,0.0,5,1,2,18.5,18.5,5,5,1.0,0.75,0
2021-09-17,5.0,1.0,1.0,2.0,18.5,18.5,5.0,5.0,1.0,0.75,0.0,6,1,2,15.0,18.5,5,5,1.0,0.75,0
2021-09-18,5.0,0.0,1.0,2.0,17.0,17.0,5.0,0.0,1.0,0.0,0.0,5,1,2,17.0,17.0,5,0,1.0,0.0,0
2021-09-19,5.0,0.0,1.0,2.0,14.0,14.0,0.0,0.0,0.0,0.0,0.0,5,1,2,14.0,14.0,0,0,0.0,0.0,0
2021-09-21,5.0,0.0,1.0,1.0,14.0,14.0,0.0,0.0,0.0,0.0,0.0,5,1,1,14.0,14.0,0,0,0.0,0.0,0
2021-09-22,5.0,0.0,1.0,1.0,14.0,14.0,0.0,0.0,0.0,0.0,0.0,5,1,1,14.0,14.0,0,0,0.0,0.0,0
2021-09-23,5.0,0.0,1.0,2.0,18.5,18.5,5.0,5.0,1.0,0.75,0.0,5,1,2,18.5,18.5,5,5,1.0,0.75,0
2021-09-24,6.0,0.0,1.0,2.0,15.0,18.5,5.0,5.0,1.0,1.0,0.0,6,1,2,15.0,18.5,5,5,1.0,1.0,0
2021-09-25,5.0,0.0,1.0,2.0,17.0,17.0,5.0,0.0,1.0,0.0,0.0,5,1,2,17.0,17.0,5,0,1.0,0.0,0
2021-09-26,5.0,0.0,1.0,2.0,14.0,14.0,0.0,0.0,0.0,0.0,0.0,5,1,2,14.0,14.0,0,0,0.0,0.0,0
2021-09-28,5.0,0.0,1.0,1.0,18.5,18.5,5.0,5.0,1.0,0.75,0.0,5,1,1,18.5,18.5,5,5,1.0,0.75,0
2021-09-29,2.0,4.0,1.0,0.0,15.0,15.0,1.0,1.0,1.0,0.75,0.0,6,1,1,15.0,18.5,5,5,1.0,1.0,0
2021-09-30,5.0,0.0,1.0,1.0,18.5,18.5,5.0,5.0,1.0,0.75,0.0,5,1,1,18.5,18.5,5,5,1.0,0.75,0
2021-10-01,6.0,0.0,1.0,1.0,15.0,18.5,5.0,5.0,1.0,1.0,0.0,6,1,1,15.0,18.5,5,5,1.0,1.0,0
2021-10-02,5.0,0.0,1.0,2.0,17.0,17.0,5.0,0.0,1.0,0.0,0.0,5,1,2,17.0,17.0,5,0,1.0,0.0,0
2021-10-03,5.0,0.0,1.0,2.0,14.0,14.0,0.0,0.0,0.0,0.0,0.0,5,1,2,14.0,14.0,0,0,0.0,0.0,0
2021-10-05,5.0,0.0,1.0,2.0,18.5,18.5,5.0,5.0,1.0,0.75,0.0,5,1,2,18.5,18.5,5,5,1.0,0.75,0
2021-10-06,6.0,0.0,1.0,3.0,15.0,18.5,5.0,5.0,1.0,0.75,0.0,6,1,3,15.0,18.5,5,5,1.0,0.75,0
2021-10-07,6.0,0.0,1.0,2.0,16.0,18.5,6.0,5.0,1.0,0.75,0.0,6,1,2,16.0,18.5,6,5,1.0,0.75,0
2021-10-08,4.0,1.0,1.0,1.0,18.5,18.5,4.0,4.0,1.0,1.0,0.0,5,1,1,18.5,18.5,5,5,1.0,1.0,0
2021-10-09,3.0,0.0,1.0,1.0,17.0,17.0,3.0,0.0,1.0,0.0,0.0,3,1,1,17.0,17.0,3,0,1.0,0.0,0
2021-10-10,3.0,1.0,1.0,0.0,14.0,14.0,1.0,0.0,1.0,0.0,0.0,4,1,1,14.0,14.0,1,0,1.0,0.0,0
2021-10-11,1.0,0.0,1.0,1.0,14.0,14.0,0.0,0.0,0.0,0.0,1.0,1,1,1,14.0,14.0,0,0,0.0,0.0,1
2021-10-12,4.0,0.0,1.0,2.0,18.5,18.5,4.0,4.0,1.0,0.75,0.0,4,1,2,18.5,18.5,4,4,1.0,0.75,0
2021-10-13,4.0,0.0,1.0,2.0,18.5,18.5,4.0,4.0,1.0,0.75,0.0,4,1,2,18.5,18.5,4,4,1.0,0.75,0
2021-10-14,4.0,0.0,1.0,2.0,18.5,18.5,4.0,4.0,1.0,0.75,0.0,4,1,2,18.5,18.5,4,4,1.0,0.75,0
2021-10-15,4.0,0.0,1.0,1.0,18.5,18.5,4.0,4.0,1.0,0.75,0.0,4,1,1,18.5,18.5,4,4,1.0,0.75,0
2021-10-16,6.0,0.0,1.0,1.0,14.0,17.0,5.0,1.0,1.0,0.14999999999999858,0.0,6,1,1,14.0,17.0,5,1,1.0,0.14999999999999858,0
2021-10-17,8.0,0.0,1.0,2.0,14.0,14.0,3.0,3.0,1.0,0.5166666666666657,0.0,8,1,2,14.0,14.0,3,3,1.0,0.5166666666666657,0
2021-10-19,4.0,0.0,1.0,1.0,18.5,18.5,4.0,4.0,1.0,0.75,0.0,4,1,1,18.5,18.5,4,4,1.0,0.75,0
2021-10-20,3.0,0.0,1.0,1.0,18.5,18.5,3.0,3.0,1.0,0.75,0.0,3,1,1,18.5,18.5,3,3,1.0,0.75,0
2021-10-21,3.0,0.0,1.0,1.0,18.5,18.5,3.0,3.0,1.0,0.75,0.0,3,1,1,18.5,18.5,3,3,1.0,0.75,0
2021-10-22,4.0,0.0,1.0,0.0,18.5,18.5,4.0,4.0,1.0,1.0,0.0,4,1,0,18.5,18.5,4,4,1.0,1.0,0
2021-10-23,5.0,0.0,1.0,1.0,14.0,17.0,4.0,0.0,1.0,0.0,0.0,5,1,1,14.0,17.0,4,0,1.0,0.0,0
2021-10-24,6.0,0.0,1.0,2.0,14.0,14.0,1.0,1.0,1.0,0.5833333333333321,0.0,6,1,2,14.0,14.0,1,1,1.0,0.5833333333333321,0
2021-10-25,2.0,0.0,1.0,1.0,18.5,18.5,2.0,2.0,1.0,0.75,1.0,2,1,1,18.5,18.5,2,2,1.0,0.75,1
2021-10-26,3.0,0.0,1.0,1.0,18.5,18.5,3.0,3.0,1.0,0.75,0.0,3,1,1,18.5,18.5,3,3,1.0,0.75,0
2021-10-27,5.0,0.0,1.0,1.0,18.5,18.5,5.0,5.0,1.0,0.75,0.0,5,1,1,18.5,18.5,5,5,1.0,0.75,0
2021-10-28,5.0,0.0,1.0,0.0,15.0,18.5,4.0,4.0,1.0,0.9833333333333343,0.0,5,1,0,15.0,18.5,4,4,1.0,0.9833333333333343,0
2021-10-29,4.0,0.0,1.0,1.0,18.5,18.5,4.0,4.0,1.0,1.0,0.0,4,1,1,18.5,18.5,4,4,1.0,1.0,0
2021-10-30,5.0,0.0,1.0,0.0,17.0,17.0,5.0,0.0,1.0,0.0,0.0,5,1,0,17.0,17.0,5,0,1.0,0.0,0
2021-10-31,1.0,0.0,1.0,0.0,14.0,14.0,0.0,0.0,0.0,0.0,1.0,1,1,0,14.0,14.0,0,0,0.0,0.0,1
2022-03-12,5.0,0.0,1.0,1.0,13.0,13.0,0.0,0.0,0.0,0.0,0.0,5,1,1,13.0,13.0,0,0,0.0,0.0,0
2022-03-13,1.0,4.0,1.0,1.0,13.0,13.0,0.0,0.0,0.0,0.0,0.0,5,1,1,13.0,13.0,0,0,0.0,0.0,0
2022-03-14,4.0,1.0,1.0,1.0,13.0,13.0,0.0,0.0,0.0,0.0,0.0,5,1,1,13.0,13.0,0,0,0.0,0.0,0
2022-03-15,5.0,0.0,1.0,1.0,13.0,13.0,0.0,0.0,0.0,0.0,0.0,5,1,1,13.0,13.0,0,0,0.0,0.0,0
2022-03-17,4.0,1.0,1.0,1.0,13.0,13.0,0.0,0.0,0.0,0.0,0.0,5,1,1,13.0,13.0,0,0,0.0,0.0,0
2022-03-18,4.0,1.0,1.0,1.0,13.0,13.0,0.0,0.0,0.0,0.0,0.0,5,1,1,13.0,13.0,0,0,0.0,0.0,0
2022-03-19,1.0,4.0,1.0,1.0,13.0,13.0,0.0,0.0,0.0,0.0,0.0,5,1,1,13.0,13.0,0,0,0.0,0.0,0
2022-03-20,5.0,0.0,1.0,1.0,13.0,13.0,0.0,0.0,0.0,0.0,0.0,5,1,1,13.0,13.0,0,0,0.0,0.0,0
2022-03-21,5.0,0.0,1.0,0.0,13.0,13.0,1.0,1.0,1.0,0.25,0.0,5,1,0,13.0,13.0,1,1,1.0,0.25,0
2022-03-22,5.0,0.0,1.0,0.0,13.0,13.0,1.0,1.0,1.0,0.25,0.0,5,1,0,13.0,13.0,1,1,1.0,0.25,0
2022-03-24,5.0,0.0,1.0,1.0,13.0,13.0,1.0,1.0,1.0,0.25,0.0,5,1,1,13.0,13.0,1,1,1.0,0.25,0
2022-03-25,5.0,0.0,1.0,1.0,13.0,13.0,0.0,0.0,0.0,0.0,0.0,5,1,1,13.0,13.0,0,0,0.0,0.0,0
2022-03-26,2.0,3.0,1.0,2.0,13.0,13.0,0.0,0.0,0.0,0.0,0.0,5,1,2,13.0,13.0,0,0,0.0,0.0,0
2022-03-27,5.0,0.0,1.0,2.0,13.0,13.0,0.0,0.0,0.0,0.0,0.0,5,1,2,13.0,13.0,0,0,0.0,0.0,0
2022-03-28,5.0,0.0,1.0,2.0,13.0,13.0,2.0,2.0,1.0,0.25,0.0,5,1,2,13.0,13.0,2,2,1.0,0.25,0
2022-03-29,5.0,0.0,1.0,2.0,13.0,13.0,1.0,1.0,1.0,0.25,0.0,5,1,2,13.0,13.0,1,1,1.0,0.25,0
2022-04-02,5.0,0.0,1.0,2.0,14.0,14.0,0.0,0.0,0.0,0.0,0.0,5,1,2,14.0,14.0,0,0,0.0,0.0,0
2022-04-03,5.0,0.0,1.0,2.0,14.0,14.0,0.0,0.0,0.0,0.0,0.0,5,1,2,14.0,14.0,0,0,0.0,0.0,0
2022-04-05,5.0,0.0,1.0,2.0,18.5,18.5,5.0,5.0,1.0,0.75,0.0,5,1,2,18.5,18.5,5,5,1.0,0.75,0
2022-04-06,5.0,0.0,1.0,2.0,18.5,18.5,5.0,5.0,1.0,0.75,0.0,5,1,2,18.5,18.5,5,5,1.0,0.75,0
2022-04-07,5.0,0.0,1.0,2.0,18.5,18.5,5.0,5.0,1.0,0.75,0.0,5,1,2,18.5,18.5,5,5,1.0,0.75,0
2022-04-08,5.0,0.0,1.0,1.0,18.5,18.5,5.0,5.0,1.0,0.75,0.0,5,1,1,18.5,18.5,5,5,1.0,0.75,0
2022-04-09,5.0,0.0,1.0,1.0,17.0,17.0,5.0,0.0,1.0,0.0,0.0,5,1,1,17.0,17.0,5,0,1.0,0.0,0
2022-04-10,5.0,0.0,1.0,1.0,14.0,14.0,0.0,0.0,0.0,0.0,0.0,5,1,1,14.0,14.0,0,0,0.0,0.0,0
2022-04-12,5.0,0.0,1.0,2.0,18.5,18.5,5.0,5.0,1.0,0.75,0.0,5,1,2,18.5,18.5,5,5,1.0,0.75,0
2022-04-13,3.0,2.0,1.0,2.0,18.5,18.5,3.0,3.0,1.0,0.75,0.0,5,1,2,18.5,18.5,5,5,1.0,0.75,0
2022-04-14,5.0,0.0,1.0,2.0,18.5,18.5,5.0,5.0,1.0,0.75,0.0,5,1,2,18.5,18.5,5,5,1.0,0.75,0
2022-04-15,5.0,0.0,1.0,1.0,18.5,18.5,5.0,5.0,1.0,0.75,0.0,5,1,1,18.5,18.5,5,5,1.0,0.75,0
2022-04-16,5.0,0.0,1.0,1.0,14.0,17.0,4.0,0.0,1.0,0.0,0.0,5,1,1,14.0,17.0,4,0,1.0,0.0,0
2022-04-17,5.0,0.0,1.0,1.0,14.0,14.0,0.0,0.0,0.0,0.0,0.0,5,1,1,14.0,14.0,0,0,0.0,0.0,0
2022-04-19,5.0,0.0,1.0,1.0,18.5,18.5,5.0,5.0,1.0,0.75,0.0,5,1,1,18.5,18.5,5,5,1.0,0.75,0
2022-04-20,5.0,0.0,1.0,1.0,18.5,18.5,5.0,5.0,1.0,0.75,0.0,5,1,1,18.5,18.5,5,5,1.0,0.75,0
2022-04-21,5.0,0.0,1.0,1.0,18.5,18.5,5.0,5.0,1.0,0.75,0.0,5,1,1,18.5,18.5,5,5,1.0,0.75,0
2022-04-22,5.0,0.0,1.0,2.0,18.5,18.5,5.0,5.0,1.0,0.75,0.0,5,1,2,18.5,18.5,5,5,1.0,0.75,0
2022-04-23,5.0,0.0,1.0,2.0,14.0,17.0,4.0,0.0,1.0,0.0,0.0,5,1,2,14.0,17.0,4,0,1.0,0.0,0
2022-04-24,5.0,0.0,1.0,2.0,14.0,14.0,0.0,0.0,0.0,0.0,0.0,5,1,2,14.0,14.0,0,0,0.0,0.0,0
2022-04-26,5.0,0.0,1.0,1.0,18.5,18.5,5.0,5.0,1.0,0.75,0.0,5,1,1,18.5,18.5,5,5,1.0,0.75,0
2022-04-27,5.0,0.0,1.0,1.0,18.5,18.5,5.0,5.0,1.0,0.75,0.0,5,1,1,18.5,18.5,5,5,1.0,0.75,0
2022-04-28,5.0,0.0,1.0,1.0,18.5,18.5,5.0,5.0,1.0,0.75,0.0,5,1,1,18.5,18.5,5,5,1.0,0.75,0
2022-04-29,5.0,0.0,1.0,2.0,18.5,18.5,5.0,5.0,1.0,0.75,0.0,5,1,2,18.5,18.5,5,5,1.0,0.75,0
2022-04-30,5.0,0.0,1.0,2.0,14.0,17.0,4.0,0.0,1.0,0.0,0.0,5,1,2,14.0,17.0,4,0,1.0,0.0,0
2022-05-01,5.0,0.0,1.0,2.0,14.0,14.0,0.0,0.0,0.0,0.0,0.0,5,1,2,14.0,14.0,0,0,0.0,0.0,0
2022-05-03,5.0,0.0,1.0,1.0,18.5,18.5,5.0,5.0,1.0,0.75,0.0,5,1,1,18.5,18.5,5,5,1.0,0.75,0
2022-05-04,5.0,0.0,1.0,1.0,18.5,18.5,5.0,5.0,1.0,0.75,0.0,5,1,1,18.5,18.5,5,5,1.0,0.75,0
2022-05-05,5.0,0.0,1.0,1.0,14.0,14.0,0.0,0.0,0.0,0.0,0.0,5,1,1,14.0,14.0,0,0,0.0,0.0,0
2022-05-06,5.0,0.0,1.0,2.0,18.5,18.5,5.0,5.0,1.0,0.75,0.0,5,1,2,18.5,18.5,5,5,1.0,0.75,0
2022-05-07,5.0,0.0,1.0,2.0,17.0,17.0,5.0,0.0,1.0,0.0,0.0,5,1,2,17.0,17.0,5,0,1.0,0.0,0
2022-05-08,5.0,0.0,1.0,2.0,14.0,14.0,0.0,0.0,0.0,0.0,0.0,5,1,2,14.0,14.0,0,0,0.0,0.0,0
2022-05-10,5.0,0.0,1.0,2.0,18.5,18.5,5.0,5.0,1.0,0.75,0.0,5,1,2,18.5,18.5,5,5,1.0,0.75,0
2022-05-11,5.0,0.0,1.0,2.0,18.5,18.5,5.0,5.0,1.0,0.75,0.0,5,1,2,18.5,18.5,5,5,1.0,0.75,0
2022-05-12,5.0,0.0,1.0,2.0,18.5,18.5,5.0,5.0,1.0,0.75,0.0,5,1,2,18.5,18.5,5,5,1.0,0.75,0
2022-05-13,4.0,1.0,1.0,1.0,18.5,18.5,4.0,4.0,1.0,0.75,0.0,5,1,1,18.5,18.5,5,5,1.0,0.75,0
2022-05-14,5.0,0.0,1.0,1.0,17.0,17.0,5.0,0.0,1.0,0.0,0.0,5,1,1,17.0,17.0,5,0,1.0,0.0,0
2022-05-15,5.0,0.0,1.0,1.0,14.0,14.0,0.0,0.0,0.0,0.0,0.0,5,1,1,14.0,14.0,0,0,0.0,0.0,0
2022-05-17,5.0,0.0,1.0,1.0,18.5,18.5,5.0,5.0,1.0,0.75,0.0,5,1,1,18.5,18.5,5,5,1.0,0.75,0
2022-05-18,5.0,0.0,1.0,1.0,18.5,18.5,5.0,5.0,1.0,0.75,0.0,5,1,1,18.5,18.5,5,5,1.0,0.75,0
2022-05-19,5.0,0.0,1.0,1.0,18.5,18.5,5.0,5.0,1.0,0.75,0.0,5,1,1,18.5,18.5,5,5,1.0,0.75,0
2022-05-20,5.0,0.0,1.0,2.0,18.5,18.5,5.0,5.0,1.0,0.75,0.0,5,1,2,18.5,18.5,5,5,1.0,0.75,0
2022-05-21,5.0,0.0,1.0,2.0,14.0,17.0,4.0,0.0,1.0,0.0,0.0,5,1,2,14.0,17.0,4,0,1.0,0.0,0
2022-05-22,5.0,0.0,1.0,2.0,14.0,14.0,0.0,0.0,0.0,0.0,0.0,5,1,2,14.0,14.0,0,0,0.0,0.0,0
2022-05-24,5.0,0.0,1.0,1.0,18.5,18.5,5.0,5.0,1.0,0.75,0.0,5,1,1,18.5,18.5,5,5,1.0,0.75,0
2022-05-25,5.0,0.0,1.0,1.0,18.5,18.5,5.0,5.0,1.0,0.75,0.0,5,1,1,18.5,18.5,5,5,1.0,0.75,0
2022-05-26,5.0,0.0,1.0,1.0,18.5,18.5,5.0,5.0,1.0,0.75,0.0,5,1,1,18.5,18.5,5,5,1.0,0.75,0
2022-05-27,5.0,0.0,1.0,1.0,18.5,18.5,5.0,5.0,1.0,0.75,0.0,5,1,1,18.5,18.5,5,5,1.0,0.75,0
2022-05-28,5.0,0.0,1.0,1.0,14.0,17.0,3.0,0.0,1.0,0.0,0.0,5,1,1,14.0,17.0,3,0,1.0,0.0,0
2022-05-29,5.0,0.0,1.0,1.0,14.0,14.0,0.0,0.0,0.0,0.0,0.0,5,1,1,14.0,14.0,0,0,0.0,0.0,0
2022-05-31,5.0,0.0,1.0,2.0,18.5,18.5,5.0,5.0,1.0,0.75,0.0,5,1,2,18.5,18.5,5,5,1.0,0.75,0
2022-06-01,5.0,0.0,1.0,2.0,17.0,17.0,5.0,0.0,1.0,0.0,0.0,5,1,2,17.0,17.0,5,0,1.0,0.0,0
2022-06-02,5.0,0.0,1.0,2.0,18.5,18.5,5.0,5.0,1.0,0.75,0.0,5,1,2,18.5,18.5,5,5,1.0,0.75,0
2022-06-03,5.0,0.0,1.0,1.0,18.5,18.5,5.0,5.0,1.0,0.75,0.0,5,1,1,18.5,18.5,5,5,1.0,0.75,0
2022-06-04,5.0,0.0,1.0,1.0,17.0,17.0,5.0,0.0,1.0,0.0,0.0,5,1,1,17.0,17.0,5,0,1.0,0.0,0
2022-06-05,2.0,3.0,1.0,1.0,17.0,17.0,2.0,0.0,1.0,0.0,0.0,5,1,1,17.0,17.0,5,0,1.0,0.0,0
2022-06-07,4.0,1.0,1.0,2.0,18.5,18.5,4.0,4.0,1.0,0.75,0.0,5,1,2,18.5,18.5,5,5,1.0,0.75,0
2022-06-08,5.0,0.0,1.0,2.0,18.5,18.5,5.0,5.0,1.0,0.75,0.0,5,1,2,18.5,18.5,5,5,1.0,0.75,0
2022-06-09,5.0,0.0,1.0,2.0,18.5,18.5,5.0,5.0,1.0,0.75,0.0,5,1,2,18.5,18.5,5,5,1.0,0.75,0
2022-06-10,5.0,0.0,1.0,1.0,18.5,18.5,5.0,5.0,1.0,0.75,0.0,5,1,1,18.5,18.5,5,5,1.0,0.75,0
2022-06-11,5.0,0.0,1.0,1.0,17.0,17.0,5.0,0.0,1.0,0.0,0.0,5,1,1,17.0,17.0,5,0,1.0,0.0,0
2022-06-12,5.0,0.0,1.0,1.0,17.0,17.0,5.0,0.0,1.0,0.0,0.0,5,1,1,17.0,17.0,5,0,1.0,0.0,0
2022-06-14,3.0,2.0,1.0,2.0,18.5,18.5,3.0,3.0,1.0,0.75,0.0,5,1,2,18.5,18.5,5,5,1.0,0.75,0
2022-06-15,5.0,0.0,1.0,2.0,18.5,18.5,5.0,5.0,1.0,0.75,0.0,5,1,2,18.5,18.5,5,5,1.0,0.75,0
2022-06-16,5.0,0.0,1.0,2.0,18.5,18.5,5.0,5.0,1.0,0.75,0.0,5,1,2,18.5,18.5,5,5,1.0,0.75,0
2022-06-17,5.0,0.0,1.0,2.0,18.5,18.5,5.0,5.0,1.0,0.75,0.0,5,1,2,18.5,18.5,5,5,1.0,0.75,0
2022-06-18,5.0,0.0,1.0,2.0,14.0,17.0,4.0,0.0,1.0,0.0,0.0,5,1,2,14.0,17.0,4,0,1.0,0.0,0
2022-06-19,5.0,0.0,1.0,2.0,14.0,17.0,4.0,0.0,1.0,0.0,0.0,5,1,2,14.0,17.0,4,0,1.0,0.0,0
2022-06-21,5.0,0.0,1.0,1.0,18.5,18.5,5.0,5.0,1.0,0.75,0.0,5,1,1,18.5,18.5,5,5,1.0,0.75,0
2022-06-22,5.0,0.0,1.0,1.0,18.5,18.5,5.0,5.0,1.0,0.75,0.0,5,1,1,18.5,18.5,5,5,1.0,0.75,0
2022-06-23,2.0,3.0,1.0,0.0,18.5,18.5,2.0,2.0,1.0,0.75,0.0,5,1,1,18.5,18.5,5,5,1.0,0.75,0
2022-06-24,5.0,0.0,1.0,1.0,18.5,18.5,5.0,5.0,1.0,0.75,0.0,5,1,1,18.5,18.5,5,5,1.0,0.75,0
2022-06-25,5.0,0.0,1.0,1.0,17.0,17.0,5.0,0.0,1.0,0.0,0.0,5,1,1,17.0,17.0,5,0,1.0,0.0,0
2022-06-26,5.0,0.0,1.0,1.0,17.0,17.0,5.0,0.0,1.0,0.0,0.0,5,1,1,17.0,17.0,5,0,1.0,0.0,0
2022-06-28,5.0,0.0,1.0,2.0,18.5,18.5,5.0,5.0,1.0,0.75,0.0,5,1,2,18.5,18.5,5,5,1.0,0.75,0
2022-06-29,3.0,2.0,1.0,1.0,18.5,18.5,3.0,3.0,1.0,0.75,0.0,5,1,2,18.5,18.5,5,5,1.0,0.75,0
2022-06-30,3.0,2.0,1.0,1.0,18.5,18.5,3.0,3.0,1.0,0.75,0.0,5,1,2,18.5,18.5,5,5,1.0,0.75,0
2022-07-01,4.0,1.0,1.0,2.0,18.5,18.5,4.0,4.0,1.0,0.75,0.0,5,1,2,18.5,18.5,5,5,1.0,0.75,0
2022-07-02,5.0,0.0,1.0,2.0,14.0,18.0,4.0,4.0,1.0,0.25,0.0,5,1,2,14.0,18.0,4,4,1.0,0.25,0
2022-07-03,5.0,0.0,1.0,2.0,14.0,17.0,4.0,0.0,1.0,0.0,0.0,5,1,2,14.0,17.0,4,0,1.0,0.0,0
2022-07-05,4.0,1.0,1.0,1.0,18.5,18.5,4.0,4.0,1.0,0.75,0.0,5,1,1,18.5,18.5,5,5,1.0,0.75,0
2022-07-06,5.0,0.0,1.0,1.0,18.5,18.5,5.0,5.0,1.0,0.75,0.0,5,1,1,18.5,18.5,5,5,1.0,0.75,0
2022-07-07,4.0,1.0,1.0,1.0,18.5,18.5,4.0,4.0,1.0,0.75,0.0,5,1,1,18.5,18.5,5,5,1.0,0.75,0
2022-07-08,5.0,0.0,1.0,2.0,18.5,18.5,5.0,5.0,1.0,0.75,0.0,5,1,2,18.5,18.5,5,5,1.0,0.75,0
2022-07-09,5.0,0.0,1.0,2.0,14.0,18.0,4.0,4.0,1.0,0.25,0.0,5,1,2,14.0,18.0,4,4,1.0,0.25,0
2022-07-10,5.0,0.0,1.0,2.0,14.0,17.0,4.0,0.0,1.0,0.0,0.0,5,1,2,14.0,17.0,4,0,1.0,0.0,0
2022-07-12,5.0,0.0,1.0,1.0,18.5,18.5,5.0,5.0,1.0,0.75,0.0,5,1,1,18.5,18.5,5,5,1.0,0.75,0
2022-07-13,2.0,3.0,1.0,0.0,18.5,18.5,2.0,2.0,1.0,0.75,0.0,5,1,1,18.5,18.5,5,5,1.0,0.75,0
2022-07-14,5.0,0.0,1.0,1.0,18.5,18.5,5.0,5.0,1.0,0.75,0.0,5,1,1,18.5,18.5,5,5,1.0,0.75,0
2022-07-16,1.0,0.0,1.0,1.0,18.0,18.0,1.0,1.0,1.0,0.25,0.0,1,1,1,18.0,18.0,1,1,1.0,0.25,0
2022-07-22,5.0,0.0,1.0,2.0,18.5,18.5,5.0,5.0,1.0,0.75,0.0,5,1,2,18.5,18.5,5,5,1.0,0.75,0
2022-07-23,4.0,1.0,1.0,1.0,14.0,18.0,3.0,3.0,1.0,0.25,0.0,5,1,2,14.0,18.0,4,4,1.0,0.25,0
2022-07-24,5.0,0.0,1.0,2.0,14.0,17.0,4.0,0.0,1.0,0.0,0.0,5,1,2,14.0,17.0,4,0,1.0,0.0,0
2022-07-26,5.0,0.0,1.0,1.0,18.5,18.5,5.0,5.0,1.0,0.75,0.0,5,1,1,18.5,18.5,5,5,1.0,0.75,0
2022-07-27,5.0,0.0,1.0,1.0,18.5,18.5,5.0,5.0,1.0,0.75,0.0,5,1,1,18.5,18.5,5,5,1.0,0.75,0
2022-07-28,5.0,0.0,1.0,1.0,18.5,18.5,5.0,5.0,1.0,0.75,0.0,5,1,1,18.5,18.5,5,5,1.0,0.75,0
2022-07-29,5.0,0.0,1.0,1.0,18.5,18.5,5.0,5.0,1.0,0.75,0.0,5,1,1,18.5,18.5,5,5,1.0,0.75,0
2022-07-30,5.0,0.0,1.0,1.0,18.0,18.0,5.0,5.0,1.0,0.25,0.0,5,1,1,18.0,18.0,5,5,1.0,0.25,0
2022-07-31,2.0,3.0,1.0,0.0,17.0,17.0,2.0,0.0,1.0,0.0,0.0,5,1,1,17.0,17.0,5,0,1.0,0.0,0
2022-08-02,3.0,2.0,1.0,1.0,18.5,18.5,3.0,3.0,1.0,0.75,0.0,5,1,2,18.5,18.5,5,5,1.0,0.75,0
2022-08-03,5.0,0.0,1.0,2.0,18.5,18.5,5.0,5.0,1.0,0.75,0.0,5,1,2,18.5,18.5,5,5,1.0,0.75,0
2022-08-04,5.0,0.0,1.0,2.0,18.5,18.5,5.0,5.0,1.0,0.75,0.0,5,1,2,18.5,18.5,5,5,1.0,0.75,0
2022-08-05,5.0,0.0,1.0,1.0,18.5,18.5,5.0,5.0,1.0,0.75,0.0,5,1,1,18.5,18.5,5,5,1.0,0.75,0
2022-08-06,5.0,0.0,1.0,1.0,18.0,18.0,5.0,5.0,1.0,0.25,0.0,5,1,1,18.0,18.0,5,5,1.0,0.25,0
2022-08-07,5.0,0.0,1.0,1.0,17.0,17.0,5.0,0.0,1.0,0.0,0.0,5,1,1,17.0,17.0,5,0,1.0,0.0,0
2022-08-10,4.0,1.0,1.0,2.0,18.5,18.5,4.0,4.0,1.0,0.75,0.0,5,1,2,18.5,18.5,5,5,1.0,0.75,0
2022-08-11,3.0,2.0,1.0,2.0,18.5,18.5,3.0,3.0,1.0,0.75,0.0,5,1,2,18.5,18.5,5,5,1.0,0.75,0
2022-08-12,5.0,0.0,1.0,2.0,18.5,18.5,5.0,5.0,1.0,0.75,0.0,5,1,2,18.5,18.5,5,5,1.0,0.75,0
2022-08-13,4.0,1.0,1.0,1.0,18.0,18.0,4.0,4.0,1.0,0.25,0.0,5,1,1,18.0,18.0,5,5,1.0,0.25,0
2022-08-14,5.0,0.0,1.0,1.0,17.0,17.0,5.0,0.0,1.0,0.0,0.0,5,1,1,17.0,17.0,5,0,1.0,0.0,0
2022-08-16,2.0,3.0,1.0,1.0,18.5,18.5,2.0,2.0,1.0,0.75,0.0,5,1,1,18.5,18.5,5,5,1.0,0.75,0
2022-08-17,5.0,0.0,1.0,1.0,18.5,18.5,5.0,5.0,1.0,0.75,0.0,5,1,1,18.5,18.5,5,5,1.0,0.75,0
2022-08-18,5.0,0.0,1.0,1.0,18.5,18.5,5.0,5.0,1.0,0.75,0.0,5,1,1,18.5,18.5,5,5,1.0,0.75,0
2022-08-19,3.0,2.0,1.0,0.0,18.5,18.5,3.0,3.0,1.0,0.75,0.0,5,1,1,18.5,18.5,5,5,1.0,0.75,0
2022-08-20,4.0,1.0,1.0,2.0,14.0,18.0,3.0,3.0,1.0,0.25,0.0,5,1,2,14.0,18.0,4,4,1.0,0.25,0
2022-08-21,5.0,0.0,1.0,2.0,14.0,17.0,4.0,0.0,1.0,0.0,0.0,5,1,2,14.0,17.0,4,0,1.0,0.0,0
2022-08-23,5.0,0.0,1.0,2.0,18.5,18.5,5.0,5.0,1.0,0.75,0.0,5,1,2,18.5,18.5,5,5,1.0,0.75,0
2022-08-24,5.0,0.0,1.0,2.0,18.5,18.5,5.0,5.0,1.0,0.75,0.0,5,1,2,18.5,18.5,5,5,1.0,0.75,0
2022-08-25,5.0,0.0,1.0,1.0,18.5,18.5,5.0,5.0,1.0,0.75,0.0,5,1,1,18.5,18.5,5,5,1.0,0.75,0
2022-08-26,5.0,0.0,1.0,1.0,18.5,18.5,5.0,5.0,1.0,0.75,0.0,5,1,1,18.5,18.5,5,5,1.0,0.75,0
2022-08-27,5.0,0.0,1.0,1.0,18.0,18.0,5.0,5.0,1.0,0.25,0.0,5,1,1,18.0,18.0,5,5,1.0,0.25,0
2022-08-28,5.0,0.0,1.0,1.0,17.0,17.0,5.0,0.0,1.0,0.0,0.0,5,1,1,17.0,17.0,5,0,1.0,0.0,0
2022-08-30,1.0,4.0,1.0,1.0,18.5,18.5,1.0,1.0,1.0,0.75,0.0,5,1,2,18.5,18.5,5,5,1.0,0.75,0
2022-08-31,5.0,0.0,1.0,2.0,18.5,18.5,5.0,5.0,1.0,0.75,0.0,5,1,2,18.5,18.5,5,5,1.0,0.75,0
2022-09-01,5.0,0.0,1.0,2.0,18.5,18.5,5.0,5.0,1.0,0.75,0.0,5,1,2,18.5,18.5,5,5,1.0,0.75,0
2022-09-02,5.0,0.0,1.0,2.0,18.5,18.5,5.0,5.0,1.0,0.75,0.0,5,1,2,18.5,18.5,5,5,1.0,0.75,0
2022-09-03,4.0,1.0,1.0,1.0,17.0,17.0,4.0,0.0,1.0,0.0,0.0,5,1,1,17.0,17.0,5,0,1.0,0.0,0
2022-09-04,3.0,2.0,1.0,0.0,14.0,14.0,0.0,0.0,0.0,0.0,0.0,5,1,1,14.0,14.0,0,0,0.0,0.0,0
2022-09-06,5.0,0.0,1.0,1.0,18.5,18.5,5.0,5.0,1.0,0.75,0.0,5,1,1,18.5,18.5,5,5,1.0,0.75,0
2022-09-07,5.0,0.0,1.0,1.0,18.5,18.5,5.0,5.0,1.0,0.75,0.0,5,1,1,18.5,18.5,5,5,1.0,0.75,0
2022-09-08,5.0,0.0,1.0,2.0,18.5,18.5,5.0,5.0,1.0,0.75,0.0,5,1,2,18.5,18.5,5,5,1.0,0.75,0
2022-09-09,5.0,0.0,1.0,2.0,14.0,14.0,0.0,0.0,0.0,0.0,0.0,5,1,2,14.0,14.0,0,0,0.0,0.0,0
2022-09-10,5.0,0.0,1.0,2.0,14.0,17.0,4.0,0.0,1.0,0.0,0.0,5,1,2,14.0,17.0,4,0,1.0,0.0,0
2022-09-11,5.0,0.0,1.0,2.0,14.0,14.0,0.0,0.0,0.0,0.0,0.0,5,1,2,14.0,14.0,0,0,0.0,0.0,0
2022-09-13,5.0,0.0,1.0,1.0,18.5,18.5,5.0,5.0,1.0,0.75,0.0,5,1,1,18.5,18.5,5,5,1.0,0.75,0
2022-09-14,5.0,0.0,1.0,1.0,18.5,18.5,5.0,5.0,1.0,0.75,0.0,5,1,1,18.5,18.5,5,5,1.0,0.75,0
2022-09-15,5.0,0.0,1.0,1.0,18.5,18.5,5.0,5.0,1.0,0.75,0.0,5,1,1,18.5,18.5,5,5,1.0,0.75,0
2022-09-16,4.0,1.0,1.0,0.0,18.5,18.5,4.0,4.0,1.0,0.75,0.0,5,1,1,18.5,18.5,5,5,1.0,0.75,0
2022-09-17,5.0,0.0,1.0,2.0,17.0,17.0,5.0,0.0,1.0,0.0,0.0,5,1,2,17.0,17.0,5,0,1.0,0.0,0
2022-09-18,5.0,0.0,1.0,2.0,14.0,14.0,0.0,0.0,0.0,0.0,0.0,5,1,2,14.0,14.0,0,0,0.0,0.0,0
2022-09-20,5.0,0.0,1.0,2.0,18.5,18.5,5.0,5.0,1.0,0.75,0.0,5,1,2,18.5,18.5,5,5,1.0,0.75,0
2022-09-21,5.0,0.0,1.0,2.0,18.5,18.5,5.0,5.0,1.0,0.75,0.0,5,1,2,18.5,18.5,5,5,1.0,0.75,0
2022-09-22,5.0,0.0,1.0,2.0,18.5,18.5,5.0,5.0,1.0,0.75,0.0,5,1,2,18.5,18.5,5,5,1.0,0.75,0
2022-09-23,5.0,0.0,1.0,2.0,18.5,18.5,5.0,5.0,1.0,0.75,0.0,5,1,2,18.5,18.5,5,5,1.0,0.75,0
2022-09-24,4.0,0.0,1.0,2.0,17.0,17.0,4.0,0.0,1.0,0.0,0.0,4,1,2,17.0,17.0,4,0,1.0,0.0,0
2022-09-25,4.0,0.0,1.0,1.0,14.0,14.0,0.0,0.0,0.0,0.0,0.0,4,1,1,14.0,14.0,0,0,0.0,0.0,0
2022-09-27,3.0,0.0,1.0,0.0,18.5,18.5,3.0,3.0,1.0,0.75,0.0,3,1,0,18.5,18.5,3,3,1.0,0.75,0
2022-09-28,3.0,0.0,1.0,0.0,18.5,18.5,3.0,3.0,1.0,0.75,0.0,3,1,0,18.5,18.5,3,3,1.0,0.75,0
2022-09-29,5.0,0.0,1.0,1.0,18.5,18.5,5.0,5.0,1.0,0.75,0.0,5,1,1,18.5,18.5,5,5,1.0,0.75,0
2022-09-30,4.0,0.0,1.0,1.0,18.5,18.5,4.0,4.0,1.0,0.75,0.0,4,1,1,18.5,18.5,4,4,1.0,0.75,0
2022-10-01,3.0,0.0,1.0,1.0,17.0,17.0,3.0,0.0,1.0,0.0,0.0,3,1,1,17.0,17.0,3,0,1.0,0.0,0
2022-10-02,3.0,0.0,1.0,1.0,14.0,14.0,0.0,0.0,0.0,0.0,0.0,3,1,1,14.0,14.0,0,0,0.0,0.0,0
2022-10-03,2.0,2.0,1.0,0.0,14.0,14.0,0.0,0.0,0.0,0.0,1.0,4,1,1,14.0,14.0,0,0,0.0,0.0,0
2022-10-04,2.0,0.0,1.0,1.0,18.5,18.5,2.0,2.0,1.0,0.75,1.0,2,1,1,18.5,18.5,2,2,1.0,0.75,1
2022-10-05,4.0,0.0,1.0,1.0,18.5,18.5,4.0,4.0,1.0,0.75,0.0,4,1,1,18.5,18.5,4,4,1.0,0.75,0
2022-10-06,4.0,0.0,1.0,1.0,18.5,18.5,4.0,4.0,1.0,0.75,0.0,4,1,1,18.5,18.5,4,4,1.0,0.75,0
2022-10-07,3.0,0.0,1.0,1.0,18.5,18.5,3.0,3.0,1.0,0.75,0.0,3,1,1,18.5,18.5,3,3,1.0,0.75,0
2022-10-08,5.0,0.0,1.0,1.0,17.0,17.0,5.0,0.0,1.0,0.0,0.0,5,1,1,17.0,17.0,5,0,1.0,0.0,0
2022-10-09,0.0,1.0,0.0,0.0,-1.0,-1.0,0.0,0.0,0.0,0.0,0.0,1,1,1,14.0,14.0,0,0,0.0,0.0,1
2022-10-10,1.0,0.0,1.0,0.0,14.0,14.0,0.0,0.0,0.0,0.0,1.0,1,1,0,14.0,14.0,0,0,0.0,0.0,1
2022-10-11,1.0,0.0,1.0,1.0,18.5,18.5,1.0,1.0,1.0,0.75,1.0,1,1,1,18.5,18.5,1,1,1.0,0.75,1
2022-10-13,1.0,0.0,1.0,0.0,18.5,18.5,1.0,1.0,1.0,0.75,1.0,1,1,0,18.5,18.5,1,1,1.0,0.75,1
2022-10-16,1.0,0.0,1.0,1.0,14.0,14.0,0.0,0.0,0.0,0.0,1.0,1,1,1,14.0,14.0,0,0,0.0,0.0,1
2022-10-17,1.0,0.0,1.0,1.0,18.5,18.5,1.0,1.0,1.0,0.75,1.0,1,1,1,18.5,18.5,1,1,1.0,0.75,1
2022-10-19,1.0,0.0,1.0,0.0,18.5,18.5,1.0,1.0,1.0,0.75,1.0,1,1,0,18.5,18.5,1,1,1.0,0.75,1
2022-10-20,1.0,0.0,1.0,0.0,18.5,18.5,1.0,1.0,1.0,0.75,1.0,1,1,0,18.5,18.5,1,1,1.0,0.75,1
2022-10-22,1.0,0.0,1.0,1.0,14.0,14.0,0.0,0.0,0.0,0.0,1.0,1,1,1,14.0,14.0,0,0,0.0,0.0,1
2022-10-24,1.0,0.0,1.0,1.0,18.5,18.5,1.0,1.0,1.0,0.75,1.0,1,1,1,18.5,18.5,1,1,1.0,0.75,1
2022-10-25,1.0,0.0,1.0,1.0,18.5,18.5,1.0,1.0,1.0,0.75,1.0,1,1,1,18.5,18.5,1,1,1.0,0.75,1
2022-10-27,1.0,0.0,1.0,1.0,18.5,18.5,1.0,1.0,1.0,0.75,1.0,1,1,1,18.5,18.5,1,1,1.0,0.75,1
2022-10-28,1.0,0.0,1.0,1.0,18.5,18.5,1.0,1.0,1.0,0.75,1.0,1,1,1,18.5,18.5,1,1,1.0,0.75,1
2023-03-13,5.0,0.0,1.0,1.0,14.0,14.0,0.0,0.0,0.0,0.0,0.0,5,1,1,14.0,14.0,0,0,0.0,0.0,0
2023-03-14,5.0,0.0,1.0,1.0,14.0,14.0,0.0,0.0,0.0,0.0,0.0,5,1,1,14.0,14.0,0,0,0.0,0.0,0
2023-03-15,5.0,0.0,1.0,1.0,13.0,13.0,0.0,0.0,0.0,0.0,0.0,5,1,1,13.0,13.0,0,0,0.0,0.0,0
2023-03-16,5.0,0.0,1.0,1.0,14.0,14.0,0.0,0.0,0.0,0.0,0.0,5,1,1,14.0,14.0,0,0,0.0,0.0,0
2023-03-18,5.0,0.0,1.0,0.0,13.0,13.0,0.0,0.0,0.0,0.0,0.0,5,1,0,13.0,13.0,0,0,0.0,0.0,0
2023-03-19,5.0,0.0,1.0,0.0,13.0,13.0,0.0,0.0,0.0,0.0,0.0,5,1,0,13.0,13.0,0,0,0.0,0.0,0
2023-03-20,5.0,0.0,1.0,0.0,13.0,13.0,0.0,0.0,0.0,0.0,0.0,5,1,0,13.0,13.0,0,0,0.0,0.0,0
2023-03-21,5.0,0.0,1.0,0.0,13.0,13.0,0.0,0.0,0.0,0.0,0.0,5,1,0,13.0,13.0,0,0,0.0,0.0,0
2023-03-23,2.0,3.0,1.0,1.0,13.0,13.0,0.0,0.0,0.0,0.0,0.0,5,1,1,13.0,13.0,0,0,0.0,0.0,0
2023-03-24,5.0,0.0,1.0,1.0,13.0,13.0,0.0,0.0,0.0,0.0,0.0,5,1,1,13.0,13.0,0,0,0.0,0.0,0
2023-03-25,5.0,0.0,1.0,2.0,13.0,13.0,2.0,2.0,1.0,0.25,0.0,5,1,2,13.0,13.0,2,2,1.0,0.25,0
2023-03-26,5.0,0.0,1.0,2.0,13.0,13.0,0.0,0.0,0.0,0.0,0.0,5,1,2,13.0,13.0,0,0,0.0,0.0,0
2023-03-27,5.0,0.0,1.0,2.0,13.0,13.0,2.0,2.0,1.0,0.25,0.0,5,1,2,13.0,13.0,2,2,1.0,0.25,0
2023-03-28,5.0,0.0,1.0,2.0,13.0,13.0,0.0,0.0,0.0,0.0,0.0,5,1,2,13.0,13.0,0,0,0.0,0.0,0
2023-04-01,5.0,0.0,1.0,2.0,14.0,14.0,0.0,0.0,0.0,0.0,0.0,5,1,2,14.0,14.0,0,0,0.0,0.0,0
2023-04-02,5.0,0.0,1.0,2.0,14.0,14.0,0.0,0.0,0.0,0.0,0.0,5,1,2,14.0,14.0,0,0,0.0,0.0,0
2023-04-04,4.0,1.0,1.0,2.0,18.5,18.5,4.0,4.0,1.0,0.75,0.0,5,1,2,18.5,18.5,5,5,1.0,0.75,0
2023-04-05,2.0,3.0,1.0,2.0,18.5,18.5,2.0,2.0,1.0,0.75,0.0,5,1,2,18.5,18.5,5,5,1.0,0.75,0
2023-04-06,3.0,2.0,1.0,2.0,18.5,18.5,3.0,3.0,1.0,0.75,0.0,5,1,2,18.5,18.5,5,5,1.0,0.75,0
2023-04-07,5.0,0.0,1.0,1.0,18.5,18.5,5.0,5.0,1.0,0.75,0.0,5,1,1,18.5,18.5,5,5,1.0,0.75,0
2023-04-08,5.0,0.0,1.0,1.0,17.0,17.0,5.0,0.0,1.0,0.0,0.0,5,1,1,17.0,17.0,5,0,1.0,0.0,0
2023-04-09,5.0,0.0,1.0,1.0,14.0,14.0,0.0,0.0,0.0,0.0,0.0,5,1,1,14.0,14.0,0,0,0.0,0.0,0
2023-04-11,5.0,0.0,1.0,1.0,18.5,18.5,5.0,5.0,1.0,0.75,0.0,5,1,1,18.5,18.5,5,5,1.0,0.75,0
2023-04-12,4.0,1.0,1.0,0.0,18.5,18.5,4.0,4.0,1.0,0.75,0.0,5,1,1,18.5,18.5,5,5,1.0,0.75,0
2023-04-13,5.0,0.0,1.0,1.0,18.5,18.5,5.0,5.0,1.0,0.75,0.0,5,1,1,18.5,18.5,5,5,1.0,0.75,0
2023-04-14,5.0,0.0,1.0,2.0,18.5,18.5,5.0,5.0,1.0,0.75,0.0,5,1,2,18.5,18.5,5,5,1.0,0.75,0
2023-04-15,5.0,0.0,1.0,2.0,17.0,17.0,5.0,0.0,1.0,0.0,0.0,5,1,2,17.0,17.0,5,0,1.0,0.0,0
2023-04-16,5.0,0.0,1.0,2.0,14.0,14.0,0.0,0.0,0.0,0.0,0.0,5,1,2,14.0,14.0,0,0,0.0,0.0,0
2023-04-18,5.0,0.0,1.0,2.0,18.5,18.5,5.0,5.0,1.0,0.75,0.0,5,1,2,18.5,18.5,5,5,1.0,0.75,0
2023-04-19,5.0,0.0,1.0,2.0,18.5,18.5,5.0,5.0,1.0,0.75,0.0,5,1,2,18.5,18.5,5,5,1.0,0.75,0
2023-04-20,5.0,0.0,1.0,2.0,18.5,18.5,5.0,5.0,1.0,0.75,0.0,5,1,2,18.5,18.5,5,5,1.0,0.75,0
2023-04-21,5.0,0.0,1.0,1.0,18.5,18.5,5.0,5.0,1.0,0.75,0.0,5,1,1,18.5,18.5,5,5,1.0,0.75,0
2023-04-22,5.0,0.0,1.0,1.0,17.0,17.0,5.0,0.0,1.0,0.0,0.0,5,1,1,17.0,17.0,5,0,1.0,0.0,0
2023-04-23,5.0,0.0,1.0,1.0,14.0,14.0,0.0,0.0,0.0,0.0,0.0,5,1,1,14.0,14.0,0,0,0.0,0.0,0
2023-04-25,3.0,2.0,1.0,2.0,18.5,18.5,3.0,3.0,1.0,0.75,0.0,5,1,2,18.5,18.5,5,5,1.0,0.75,0
2023-04-26,5.0,0.0,1.0,2.0,18.5,18.5,5.0,5.0,1.0,0.75,0.0,5,1,2,18.5,18.5,5,5,1.0,0.75,0
2023-04-27,5.0,0.0,1.0,2.0,18.5,18.5,5.0,5.0,1.0,0.75,0.0,5,1,2,18.5,18.5,5,5,1.0,0.75,0
2023-04-28,5.0,0.0,1.0,1.0,18.5,18.5,5.0,5.0,1.0,0.75,0.0,5,1,1,18.5,18.5,5,5,1.0,0.75,0
2023-04-29,4.0,1.0,1.0,1.0,17.0,17.0,4.0,0.0,1.0,0.0,0.0,5,1,1,17.0,17.0,5,0,1.0,0.0,0
2023-04-30,5.0,0.0,1.0,1.0,14.0,14.0,0.0,0.0,0.0,0.0,0.0,5,1,1,14.0,14.0,0,0,0.0,0.0,0
2023-05-02,5.0,0.0,1.0,1.0,18.5,18.5,5.0,5.0,1.0,0.75,0.0,5,1,1,18.5,18.5,5,5,1.0,0.75,0
2023-05-03,5.0,0.0,1.0,1.0,18.5,18.5,5.0,5.0,1.0,0.75,0.0,5,1,1,18.5,18.5,5,5,1.0,0.75,0
2023-05-04,3.0,2.0,1.0,1.0,18.5,18.5,3.0,3.0,1.0,0.75,0.0,5,1,1,18.5,18.5,5,5,1.0,0.75,0
2023-05-05,1.0,4.0,1.0,1.0,14.0,14.0,0.0,0.0,0.0,0.0,0.0,5,1,2,14.0,14.0,0,0,0.0,0.0,0
2023-05-06,1.0,4.0,1.0,1.0,17.0,17.0,1.0,0.0,1.0,0.0,0.0,5,1,2,14.0,17.0,4,0,1.0,0.0,0
2023-05-07,3.0,2.0,1.0,2.0,14.0,14.0,0.0,0.0,0.0,0.0,0.0,5,1,2,14.0,14.0,0,0,0.0,0.0,0
2023-05-09,5.0,0.0,1.0,1.0,18.5,18.5,5.0,5.0,1.0,0.75,0.0,5,1,1,18.5,18.5,5,5,1.0,0.75,0
2023-05-10,5.0,0.0,1.0,1.0,18.5,18.5,5.0,5.0,1.0,0.75,0.0,5,1,1,18.5,18.5,5,5,1.0,0.75,0
2023-05-11,5.0,0.0,1.0,1.0,18.5,18.5,5.0,5.0,1.0,0.75,0.0,5,1,1,18.5,18.5,5,5,1.0,0.75,0
2023-05-12,5.0,0.0,1.0,2.0,18.5,18.5,5.0,5.0,1.0,0.75,0.0,5,1,2,18.5,18.5,5,5,1.0,0.75,0
2023-05-13,5.0,0.0,1.0,2.0,17.0,17.0,5.0,0.0,1.0,0.0,0.0,5,1,2,17.0,17.0,5,0,1.0,0.0,0
2023-05-14,5.0,0.0,1.0,2.0,14.0,14.0,0.0,0.0,0.0,0.0,0.0,5,1,2,14.0,14.0,0,0,0.0,0.0,0
2023-05-16,5.0,0.0,1.0,2.0,18.5,18.5,5.0,5.0,1.0,0.75,0.0,5,1,2,18.5,18.5,5,5,1.0,0.75,0
2023-05-17,5.0,0.0,1.0,2.0,18.5,18.5,5.0,5.0,1.0,0.75,0.0,5,1,2,18.5,18.5,5,5,1.0,0.75,0
2023-05-18,3.0,2.0,1.0,2.0,18.5,18.5,3.0,3.0,1.0,0.75,0.0,5,1,2,18.5,18.5,5,5,1.0,0.75,0
2023-05-19,5.0,0.0,1.0,1.0,18.5,18.5,5.0,5.0,1.0,0.75,0.0,5,1,1,18.5,18.5,5,5,1.0,0.75,0
2023-05-20,5.0,0.0,1.0,1.0,17.0,17.0,5.0,0.0,1.0,0.0,0.0,5,1,1,17.0,17.0,5,0,1.0,0.0,0
2023-05-21,5.0,0.0,1.0,1.0,14.0,14.0,0.0,0.0,0.0,0.0,0.0,5,1,1,14.0,14.0,0,0,0.0,0.0,0
2023-05-23,5.0,0.0,1.0,1.0,18.5,18.5,5.0,5.0,1.0,0.75,0.0,5,1,1,18.5,18.5,5,5,1.0,0.75,0
2023-05-24,5.0,0.0,1.0,1.0,18.5,18.5,5.0,5.0,1.0,0.75,0.0,5,1,1,18.5,18.5,5,5,1.0,0.75,0
2023-05-25,5.0,0.0,1.0,1.0,18.5,18.5,5.0,5.0,1.0,0.75,0.0,5,1,1,18.5,18.5,5,5,1.0,0.75,0
2023-05-26,5.0,0.0,1.0,2.0,18.5,18.5,5.0,5.0,1.0,0.75,0.0,5,1,2,18.5,18.5,5,5,1.0,0.75,0
2023-05-27,4.0,1.0,1.0,1.0,14.0,14.0,0.0,0.0,0.0,0.0,0.0,5,1,2,14.0,14.0,0,0,0.0,0.0,0
2023-05-28,3.0,2.0,1.0,1.0,14.0,14.0,0.0,0.0,0.0,0.0,0.0,5,1,2,14.0,14.0,0,0,0.0,0.0,0
2023-05-30,5.0,0.0,1.0,1.0,18.5,18.5,5.0,5.0,1.0,0.75,0.0,5,1,1,18.5,18.5,5,5,1.0,0.75,0
2023-05-31,5.0,0.0,1.0,1.0,18.5,18.5,5.0,5.0,1.0,0.75,0.0,5,1,1,18.5,18.5,5,5,1.0,0.75,0
2023-06-01,3.0,2.0,1.0,1.0,18.5,18.5,3.0,3.0,1.0,0.75,0.0,5,1,1,18.5,18.5,5,5,1.0,0.75,0
2023-06-02,5.0,0.0,1.0,1.0,18.5,18.5,5.0,5.0,1.0,0.75,0.0,5,1,1,18.5,18.5,5,5,1.0,0.75,0
2023-06-03,5.0,0.0,1.0,1.0,17.0,17.0,5.0,0.0,1.0,0.0,0.0,5,1,1,17.0,17.0,5,0,1.0,0.0,0
2023-06-04,5.0,0.0,1.0,1.0,14.0,17.0,4.0,0.0,1.0,0.0,0.0,5,1,1,14.0,17.0,4,0,1.0,0.0,0
2023-06-06,5.0,0.0,1.0,2.0,14.0,14.0,2.0,0.0,1.0,0.0,0.0,5,1,2,14.0,14.0,2,0,1.0,0.0,0
2023-06-07,5.0,0.0,1.0,2.0,18.5,18.5,5.0,5.0,1.0,0.75,0.0,5,1,2,18.5,18.5,5,5,1.0,0.75,0
2023-06-08,5.0,0.0,1.0,2.0,18.5,18.5,5.0,5.0,1.0,0.75,0.0,5,1,2,18.5,18.5,5,5,1.0,0.75,0
2023-06-09,5.0,0.0,1.0,1.0,18.5,18.5,5.0,5.0,1.0,0.75,0.0,5,1,1,18.5,18.5,5,5,1.0,0.75,0
2023-06-10,5.0,0.0,1.0,1.0,17.0,17.0,5.0,0.0,1.0,0.0,0.0,5,1,1,17.0,17.0,5,0,1.0,0.0,0
2023-06-11,5.0,0.0,1.0,1.0,17.0,17.0,5.0,0.0,1.0,0.0,0.0,5,1,1,17.0,17.0,5,0,1.0,0.0,0
2023-06-13,5.0,0.0,1.0,2.0,18.5,18.5,5.0,5.0,1.0,0.75,0.0,5,1,2,18.5,18.5,5,5,1.0,0.75,0
2023-06-14,5.0,0.0,1.0,2.0,18.5,18.5,5.0,5.0,1.0,0.75,0.0,5,1,2,18.5,18.5,5,5,1.0,0.75,0
2023-06-15,5.0,0.0,1.0,2.0,18.5,18.5,5.0,5.0,1.0,0.75,0.0,5,1,2,18.5,18.5,5,5,1.0,0.75,0
2023-06-16,5.0,0.0,1.0,1.0,18.5,18.5,5.0,5.0,1.0,0.75,0.0,5,1,1,18.5,18.5,5,5,1.0,0.75,0
2023-06-17,5.0,0.0,1.0,1.0,17.0,17.0,5.0,0.0,1.0,0.0,0.0,5,1,1,17.0,17.0,5,0,1.0,0.0,0
2023-06-18,5.0,0.0,1.0,1.0,17.0,17.0,5.0,0.0,1.0,0.0,0.0,5,1,1,17.0,17.0,5,0,1.0,0.0,0
2023-06-20,5.0,0.0,1.0,1.0,18.5,18.5,5.0,5.0,1.0,0.75,0.0,5,1,1,18.5,18.5,5,5,1.0,0.75,0
2023-06-21,5.0,0.0,1.0,1.0,18.5,18.5,5.0,5.0,1.0,0.75,0.0,5,1,1,18.5,18.5,5,5,1.0,0.75,0
2023-06-22,5.0,0.0,1.0,1.0,18.5,18.5,5.0,5.0,1.0,0.75,0.0,5,1,1,18.5,18.5,5,5,1.0,0.75,0
2023-06-23,5.0,0.0,1.0,2.0,18.5,18.5,5.0,5.0,1.0,0.75,0.0,5,1,2,18.5,18.5,5,5,1.0,0.75,0
2023-06-24,5.0,0.0,1.0,2.0,17.0,17.0,5.0,0.0,1.0,0.0,0.0,5,1,2,17.0,17.0,5,0,1.0,0.0,0
2023-06-25,3.0,2.0,1.0,2.0,14.0,17.0,2.0,0.0,1.0,0.0,0.0,5,1,2,14.0,17.0,4,0,1.0,0.0,0
2023-06-27,5.0,0.0,1.0,1.0,18.5,18.5,5.0,5.0,1.0,0.75,0.0,5,1,1,18.5,18.5,5,5,1.0,0.75,0
2023-06-28,5.0,0.0,1.0,1.0,18.5,18.5,5.0,5.0,1.0,0.75,0.0,5,1,1,18.5,18.5,5,5,1.0,0.75,0
2023-06-29,0.0,5.0,0.0,0.0,-1.0,-1.0,0.0,0.0,0.0,0.0,0.0,5,1,1,18.5,18.5,5,5,1.0,0.75,0
2023-06-30,5.0,0.0,1.0,2.0,18.5,18.5,5.0,5.0,1.0,0.75,0.0,5,1,2,18.5,18.5,5,5,1.0,0.75,0
2023-07-01,5.0,0.0,1.0,2.0,18.0,18.0,5.0,5.0,1.0,0.25,0.0,5,1,2,18.0,18.0,5,5,1.0,0.25,0
2023-07-02,5.0,0.0,1.0,2.0,14.0,17.0,4.0,0.0,1.0,0.0,0.0,5,1,2,14.0,17.0,4,0,1.0,0.0,0
2023-07-04,2.0,3.0,1.0,1.0,18.5,18.5,2.0,2.0,1.0,0.75,0.0,5,1,2,18.5,18.5,5,5,1.0,0.75,0
2023-07-05,5.0,0.0,1.0,2.0,18.5,18.5,5.0,5.0,1.0,0.75,0.0,5,1,2,18.5,18.5,5,5,1.0,0.75,0
2023-07-06,5.0,0.0,1.0,2.0,18.5,18.5,5.0,5.0,1.0,0.75,0.0,5,1,2,18.5,18.5,5,5,1.0,0.75,0
2023-07-07,2.0,3.0,1.0,1.0,18.5,18.5,2.0,2.0,1.0,0.75,0.0,5,1,1,18.5,18.5,5,5,1.0,0.75,0
2023-07-08,5.0,0.0,1.0,1.0,18.0,18.0,5.0,5.0,1.0,0.25,0.0,5,1,1,18.0,18.0,5,5,1.0,0.25,0
2023-07-09,5.0,0.0,1.0,1.0,17.0,17.0,5.0,0.0,1.0,0.0,0.0,5,1,1,17.0,17.0,5,0,1.0,0.0,0
2023-07-11,1.0,4.0,1.0,1.0,18.5,18.5,1.0,1.0,1.0,0.75,0.0,5,1,2,18.5,18.5,5,5,1.0,0.75,0
2023-07-12,5.0,0.0,1.0,2.0,18.5,18.5,5.0,5.0,1.0,0.75,0.0,5,1,2,18.5,18.5,5,5,1.0,0.75,0
2023-07-13,3.0,2.0,1.0,1.0,18.5,18.5,3.0,3.0,1.0,0.75,0.0,5,1,2,18.5,18.5,5,5,1.0,0.75,0
2023-07-15,1.0,0.0,1.0,0.0,18.0,18.0,1.0,1.0,1.0,0.25,0.0,1,1,0,18.0,18.0,1,1,1.0,0.25,0
2023-07-21,5.0,0.0,1.0,1.0,18.5,18.5,5.0,5.0,1.0,0.75,0.0,5,1,1,18.5,18.5,5,5,1.0,0.75,0
2023-07-22,3.0,2.0,1.0,0.0,18.0,18.0,3.0,3.0,1.0,0.25,0.0,5,1,1,18.0,18.0,5,5,1.0,0.25,0
2023-07-23,2.0,3.0,1.0,0.0,17.0,17.0,2.0,0.0,1.0,0.0,0.0,5,1,1,17.0,17.0,5,0,1.0,0.0,0
2023-07-25,5.0,0.0,1.0,2.0,18.5,18.5,5.0,5.0,1.0,0.75,0.0,5,1,2,18.5,18.5,5,5,1.0,0.75,0
2023-07-26,5.0,0.0,1.0,2.0,18.5,18.5,5.0,5.0,1.0,0.75,0.0,5,1,2,18.5,18.5,5,5,1.0,0.75,0
2023-07-27,5.0,0.0,1.0,2.0,18.5,18.5,5.0,5.0,1.0,0.75,0.0,5,1,2,18.5,18.5,5,5,1.0,0.75,0
2023-07-28,5.0,0.0,1.0,2.0,18.5,18.5,5.0,5.0,1.0,0.75,0.0,5,1,2,18.5,18.5,5,5,1.0,0.75,0
2023-07-29,5.0,0.0,1.0,2.0,18.0,18.0,5.0,5.0,1.0,0.25,0.0,5,1,2,18.0,18.0,5,5,1.0,0.25,0
2023-07-30,5.0,0.0,1.0,2.0,14.0,17.0,4.0,0.0,1.0,0.0,0.0,5,1,2,14.0,17.0,4,0,1.0,0.0,0
2023-08-01,5.0,0.0,1.0,1.0,18.5,18.5,5.0,5.0,1.0,0.75,0.0,5,1,1,18.5,18.5,5,5,1.0,0.75,0
2023-08-02,5.0,0.0,1.0,1.0,18.5,18.5,5.0,5.0,1.0,0.75,0.0,5,1,1,18.5,18.5,5,5,1.0,0.75,0
2023-08-03,5.0,0.0,1.0,1.0,18.5,18.5,5.0,5.0,1.0,0.75,0.0,5,1,1,18.5,18.5,5,5,1.0,0.75,0
2023-08-04,5.0,0.0,1.0,1.0,18.5,18.5,5.0,5.0,1.0,0.75,0.0,5,1,1,18.5,18.5,5,5,1.0,0.75,0
2023-08-05,5.0,0.0,1.0,1.0,18.0,18.0,5.0,5.0,1.0,0.25,0.0,5,1,1,18.0,18.0,5,5,1.0,0.25,0
2023-08-06,5.0,0.0,1.0,1.0,17.0,17.0,5.0,0.0,1.0,0.0,0.0,5,1,1,17.0,17.0,5,0,1.0,0.0,0
2023-08-08,4.0,1.0,1.0,2.0,18.5,18.5,4.0,4.0,1.0,0.75,0.0,5,1,2,18.5,18.5,5,5,1.0,0.75,0
2023-08-09,5.0,0.0,1.0,2.0,18.5,18.5,5.0,5.0,1.0,0.75,0.0,5,1,2,18.5,18.5,5,5,1.0,0.75,0
2023-08-10,1.0,4.0,1.0,1.0,18.5,18.5,1.0,1.0,1.0,0.75,0.0,5,1,2,18.5,18.5,5,5,1.0,0.75,0
2023-08-11,5.0,0.0,1.0,1.0,18.5,18.5,5.0,5.0,1.0,0.75,0.0,5,1,1,18.5,18.5,5,5,1.0,0.75,0
2023-08-12,5.0,0.0,1.0,1.0,18.0,18.0,5.0,5.0,1.0,0.25,0.0,5,1,1,18.0,18.0,5,5,1.0,0.25,0
2023-08-13,5.0,0.0,1.0,1.0,17.0,17.0,5.0,0.0,1.0,0.0,0.0,5,1,1,17.0,17.0,5,0,1.0,0.0,0
2023-08-15,5.0,0.0,1.0,1.0,17.0,17.0,5.0,0.0,1.0,0.0,0.0,5,1,1,17.0,17.0,5,0,1.0,0.0,0
2023-08-16,5.0,0.0,1.0,1.0,18.5,18.5,5.0,5.0,1.0,0.75,0.0,5,1,1,18.5,18.5,5,5,1.0,0.75,0
2023-08-17,5.0,0.0,1.0,1.0,18.5,18.5,5.0,5.0,1.0,0.75,0.0,5,1,1,18.5,18.5,5,5,1.0,0.75,0
2023-08-18,4.0,1.0,1.0,1.0,18.5,18.5,4.0,4.0,1.0,0.75,0.0,5,1,2,18.5,18.5,5,5,1.0,0.75,0
2023-08-19,5.0,0.0,1.0,2.0,14.0,18.0,4.0,4.0,1.0,0.25,0.0,5,1,2,14.0,18.0,4,4,1.0,0.25,0
2023-08-20,5.0,0.0,1.0,2.0,14.0,17.0,4.0,0.0,1.0,0.0,0.0,5,1,2,14.0,17.0,4,0,1.0,0.0,0
2023-08-22,3.0,2.0,1.0,1.0,18.5,18.5,3.0,3.0,1.0,0.75,0.0,5,1,2,18.5,18.5,5,5,1.0,0.75,0
2023-08-23,1.0,4.0,1.0,1.0,18.5,18.5,1.0,1.0,1.0,0.75,0.0,5,1,2,18.5,18.5,5,5,1.0,0.75,0
2023-08-24,4.0,1.0,1.0,2.0,18.5,18.5,4.0,4.0,1.0,0.75,0.0,5,1,2,18.5,18.5,5,5,1.0,0.75,0
2023-08-25,5.0,0.0,1.0,1.0,18.5,18.5,5.0,5.0,1.0,0.75,0.0,5,1,1,18.5,18.5,5,5,1.0,0.75,0
2023-08-26,5.0,0.0,1.0,1.0,18.0,18.0,5.0,5.0,1.0,0.25,0.0,5,1,1,18.0,18.0,5,5,1.0,0.25,0
2023-08-27,5.0,0.0,1.0,1.0,17.0,17.0,5.0,0.0,1.0,0.0,0.0,5,1,1,17.0,17.0,5,0,1.0,0.0,0
2023-08-29,0.0,5.0,0.0,0.0,-1.0,-1.0,0.0,0.0,0.0,0.0,0.0,5,1,1,18.5,18.5,5,5,1.0,0.75,0
2023-08-30,1.0,4.0,1.0,0.0,18.5,18.5,1.0,1.0,1.0,0.75,0.0,5,1,1,18.5,18.5,5,5,1.0,0.75,0
2023-08-31,5.0,0.0,1.0,1.0,18.5,18.5,5.0,5.0,1.0,0.75,0.0,5,1,1,18.5,18.5,5,5,1.0,0.75,0
2023-09-01,4.0,1.0,1.0,2.0,18.5,18.5,4.0,4.0,1.0,0.75,0.0,5,1,2,18.5,18.5,5,5,1.0,0.75,0
2023-09-02,4.0,1.0,1.0,2.0,14.0,17.0,3.0,0.0,1.0,0.0,0.0,5,1,2,14.0,17.0,4,0,1.0,0.0,0
2023-09-03,5.0,0.0,1.0,2.0,14.0,14.0,0.0,0.0,0.0,0.0,0.0,5,1,2,14.0,14.0,0,0,0.0,0.0,0
2023-09-04,1.0,0.0,1.0,0.0,18.5,18.5,1.0,1.0,1.0,0.75,0.0,1,1,0,18.5,18.5,1,1,1.0,0.75,0
2023-09-05,4.0,1.0,1.0,0.0,18.5,18.5,4.0,4.0,1.0,0.75,0.0,5,1,1,18.5,18.5,5,5,1.0,0.75,0
2023-09-06,5.0,0.0,1.0,1.0,18.5,18.5,5.0,5.0,1.0,0.75,0.0,5,1,1,18.5,18.5,5,5,1.0,0.75,0
2023-09-07,5.0,0.0,1.0,1.0,18.5,18.5,5.0,5.0,1.0,0.75,0.0,5,1,1,18.5,18.5,5,5,1.0,0.75,0
2023-09-08,5.0,0.0,1.0,2.0,18.5,18.5,5.0,5.0,1.0,0.75,0.0,5,1,2,18.5,18.5,5,5,1.0,0.75,0
2023-09-09,9.0,0.0,1.0,4.0,14.0,14.0,5.0,2.0,1.0,0.283333333333335,0.0,9,1,4,14.0,14.0,5,2,1.0,0.283333333333335,0
2023-09-10,5.0,0.0,1.0,2.0,14.0,14.0,0.0,0.0,0.0,0.0,0.0,5,1,2,14.0,14.0,0,0,0.0,0.0,0
2023-09-12,4.0,0.0,1.0,1.0,18.5,18.5,4.0,4.0,1.0,0.75,0.0,4,1,1,18.5,18.5,4,4,1.0,0.75,0
2023-09-13,2.0,1.0,1.0,0.0,18.5,18.5,2.0,2.0,1.0,0.75,0.0,3,1,1,18.5,18.5,3,3,1.0,0.75,0
2023-09-14,2.0,2.0,1.0,1.0,18.5,18.5,2.0,2.0,1.0,0.75,0.0,4,1,1,18.5,18.5,4,4,1.0,0.75,0
2023-09-15,4.0,0.0,1.0,0.0,18.5,18.5,4.0,4.0,1.0,0.75,0.0,4,1,0,18.5,18.5,4,4,1.0,0.75,0
2023-09-16,1.0,4.0,1.0,1.0,17.0,17.0,1.0,0.0,1.0,0.0,0.0,5,1,1,17.0,17.0,5,0,1.0,0.0,0
2023-09-17,6.0,0.0,1.0,2.0,14.0,14.0,2.0,1.0,1.0,0.8666666666666671,0.0,6,1,2,14.0,14.0,2,1,1.0,0.8666666666666671,0
2023-09-18,2.0,0.0,1.0,0.0,18.5,18.5,2.0,2.0,1.0,0.75,0.0,2,1,0,18.5,18.5,2,2,1.0,0.75,0
2023-09-19,5.0,0.0,1.0,1.0,18.5,18.5,5.0,5.0,1.0,0.75,0.0,5,1,1,18.5,18.5,5,5,1.0,0.75,0
2023-09-20,0.0,5.0,0.0,0.0,-1.0,-1.0,0.0,0.0,0.0,0.0,0.0,5,1,1,18.5,18.5,5,5,1.0,0.75,0
2023-09-21,5.0,0.0,1.0,1.0,18.5,18.5,5.0,5.0,1.0,0.75,0.0,5,1,1,18.5,18.5,5,5,1.0,0.75,0
2023-09-22,5.0,0.0,1.0,1.0,18.5,18.5,5.0,5.0,1.0,0.75,0.0,5,1,1,18.5,18.5,5,5,1.0,0.75,0
2023-09-23,4.0,0.0,1.0,1.0,17.0,17.0,4.0,0.0,1.0,0.0,0.0,4,1,1,17.0,17.0,4,0,1.0,0.0,0
2023-09-24,4.0,0.0,1.0,1.0,14.0,14.0,0.0,0.0,0.0,0.0,0.0,4,1,1,14.0,14.0,0,0,0.0,0.0,0
2023-09-26,1.0,3.0,1.0,0.0,18.5,18.5,1.0,1.0,1.0,0.75,0.0,4,1,1,18.5,18.5,4,4,1.0,0.75,0
2023-09-27,8.0,0.0,1.0,2.0,15.0,15.0,4.0,4.0,1.0,1.0,0.0,8,1,2,15.0,15.0,4,4,1.0,1.0,0
2023-09-28,4.0,0.0,1.0,2.0,17.0,17.0,4.0,0.0,1.0,0.0,0.0,4,1,2,17.0,17.0,4,0,1.0,0.0,0
2023-09-29,3.0,0.0,1.0,2.0,14.0,14.0,0.0,0.0,0.0,0.0,0.0,3,1,2,14.0,14.0,0,0,0.0,0.0,0
2023-09-30,3.0,0.0,1.0,1.0,14.0,14.0,0.0,0.0,0.0,0.0,0.0,3,1,1,14.0,14.0,0,0,0.0,0.0,0
2023-10-01,5.0,0.0,1.0,1.0,14.0,14.0,0.0,0.0,0.0,0.0,0.0,5,1,1,14.0,14.0,0,0,0.0,0.0,0
2023-10-02,5.0,0.0,1.0,1.0,14.0,14.0,1.0,1.0,1.0,0.31666666666666643,0.0,5,1,1,14.0,14.0,1,1,1.0,0.31666666666666643,0
2023-10-03,4.0,0.0,1.0,1.0,14.0,14.0,0.0,0.0,0.0,0.0,0.0,4,1,1,14.0,14.0,0,0,0.0,0.0,0
2023-10-04,5.0,0.0,1.0,0.0,15.0,18.5,4.0,4.0,1.0,0.8666666666666671,0.0,5,1,0,15.0,18.5,4,4,1.0,0.8666666666666671,0
2023-10-05,4.0,0.0,1.0,0.0,18.5,18.5,4.0,4.0,1.0,0.75,0.0,4,1,0,18.5,18.5,4,4,1.0,0.75,0
2023-10-06,3.0,0.0,1.0,1.0,18.5,18.5,3.0,3.0,1.0,0.75,0.0,3,1,1,18.5,18.5,3,3,1.0,0.75,0
2023-10-07,4.0,0.0,1.0,2.0,17.0,17.0,4.0,0.0,1.0,0.0,0.0,4,1,2,17.0,17.0,4,0,1.0,0.0,0
2023-10-08,4.0,0.0,1.0,1.0,14.0,14.0,0.0,0.0,0.0,0.0,0.0,4,1,1,14.0,14.0,0,0,0.0,0.0,0
2023-10-09,3.0,0.0,1.0,1.0,14.0,14.0,0.0,0.0,0.0,0.0,0.0,3,1,1,14.0,14.0,0,0,0.0,0.0,0
2023-10-10,5.0,0.0,1.0,2.0,18.5,18.5,5.0,5.0,1.0,0.75,0.0,5,1,2,18.5,18.5,5,5,1.0,0.75,0
2023-10-11,2.0,0.0,1.0,0.0,18.5,18.5,2.0,2.0,1.0,0.75,1.0,2,1,0,18.5,18.5,2,2,1.0,0.75,1
2023-10-12,2.0,0.0,1.0,1.0,18.5,18.5,2.0,2.0,1.0,0.75,1.0,2,1,1,18.5,18.5,2,2,1.0,0.75,1
2023-10-13,3.0,0.0,1.0,1.0,18.5,18.5,3.0,3.0,1.0,0.75,0.0,3,1,1,18.5,18.5,3,3,1.0,0.75,0
2023-10-14,3.0,0.0,1.0,1.0,17.0,17.0,3.0,0.0,1.0,0.0,0.0,3,1,1,17.0,17.0,3,0,1.0,0.0,0
2023-10-15,3.0,0.0,1.0,1.0,14.0,14.0,0.0,0.0,0.0,0.0,0.0,3,1,1,14.0,14.0,0,0,0.0,0.0,0
2023-10-16,3.0,0.0,1.0,1.0,18.5,18.5,3.0,3.0,1.0,0.75,0.0,3,1,1,18.5,18.5,3,3,1.0,0.75,0
2023-10-17,2.0,0.0,1.0,0.0,18.5,18.5,2.0,2.0,1.0,0.75,1.0,2,1,0,18.5,18.5,2,2,1.0,0.75,1
2023-10-19,1.0,0.0,1.0,0.0,18.5,18.5,1.0,1.0,1.0,0.75,1.0,1,1,0,18.5,18.5,1,1,1.0,0.75,1
2023-10-22,1.0,0.0,1.0,0.0,14.0,14.0,0.0,0.0,0.0,0.0,1.0,1,1,0,14.0,14.0,0,0,0.0,0.0,1
2023-10-23,1.0,0.0,1.0,0.0,18.5,18.5,1.0,1.0,1.0,0.75,1.0,1,1,0,18.5,18.5,1,1,1.0,0.75,1
2023-10-25,1.0,0.0,1.0,0.0,18.5,18.5,1.0,1.0,1.0,0.75,1.0,1,1,0,18.5,18.5,1,1,1.0,0.75,1
2023-10-30,1.0,0.0,1.0,0.0,18.5,18.5,1.0,1.0,1.0,0.75,1.0,1,1,0,18.5,18.5,1,1,1.0,0.75,1
2023-10-31,1.0,0.0,1.0,0.0,18.5,18.5,1.0,1.0,1.0,0.75,1.0,1,1,0,18.5,18.5,1,1,1.0,0.75,1
2023-11-02,1.0,0.0,1.0,0.0,18.5,18.5,1.0,1.0,1.0,0.75,1.0,1,1,0,18.5,18.5,1,1,1.0,0.75,1
2023-11-03,1.0,0.0,1.0,0.0,18.5,18.5,1.0,1.0,1.0,0.75,1.0,1,1,0,18.5,18.5,1,1,1.0,0.75,1
2023-11-05,1.0,0.0,1.0,0.0,14.0,14.0,0.0,0.0,0.0,0.0,1.0,1,1,0,14.0,14.0,0,0,0.0,0.0,1
2023-11-07,1.0,0.0,1.0,1.0,18.5,18.5,1.0,1.0,1.0,0.75,1.0,1,1,1,18.5,18.5,1,1,1.0,0.75,1
2023-11-08,1.0,0.0,1.0,1.0,18.5,18.5,1.0,1.0,1.0,0.75,1.0,1,1,1,18.5,18.5,1,1,1.0,0.75,1
2023-11-10,1.0,0.0,1.0,0.0,18.5,18.5,1.0,1.0,1.0,0.75,1.0,1,1,0,18.5,18.5,1,1,1.0,0.75,1
2023-11-11,1.0,0.0,1.0,0.0,14.0,14.0,0.0,0.0,0.0,0.0,1.0,1,1,0,14.0,14.0,0,0,0.0,0.0,1
2023-11-13,1.0,0.0,1.0,1.0,18.5,18.5,1.0,1.0,1.0,0.75,1.0,1,1,1,18.5,18.5,1,1,1.0,0.75,1
2024-03-08,5.0,0.0,1.0,0.0,13.0,13.0,0.0,0.0,0.0,0.0,0.0,5,1,0,13.0,13.0,0,0,0.0,0.0,0
2024-03-09,5.0,0.0,1.0,0.0,13.0,13.0,0.0,0.0,0.0,0.0,0.0,5,1,0,13.0,13.0,0,0,0.0,0.0,0
2024-03-10,5.0,0.0,1.0,0.0,13.0,13.0,0.0,0.0,0.0,0.0,0.0,5,1,0,13.0,13.0,0,0,0.0,0.0,0
2024-03-11,5.0,0.0,1.0,0.0,13.0,13.0,0.0,0.0,0.0,0.0,0.0,5,1,0,13.0,13.0,0,0,0.0,0.0,0
2024-03-12,4.0,1.0,1.0,0.0,13.0,13.0,0.0,0.0,0.0,0.0,0.0,5,1,0,13.0,13.0,0,0,0.0,0.0,0
2024-03-14,5.0,0.0,1.0,1.0,13.0,13.0,1.0,1.0,1.0,0.25,0.0,5,1,1,13.0,13.0,1,1,1.0,0.25,0
2024-03-15,5.0,0.0,1.0,1.0,13.0,13.0,0.0,0.0,0.0,0.0,0.0,5,1,1,13.0,13.0,0,0,0.0,0.0,0
2024-03-16,5.0,0.0,1.0,1.0,13.0,13.0,0.0,0.0,0.0,0.0,0.0,5,1,1,13.0,13.0,0,0,0.0,0.0,0
2024-03-17,4.0,0.0,1.0,0.0,13.0,13.0,0.0,0.0,0.0,0.0,0.0,4,1,0,13.0,13.0,0,0,0.0,0.0,0
2024-03-18,4.0,0.0,1.0,0.0,13.0,13.0,2.0,2.0,1.0,0.25,0.0,4,1,0,13.0,13.0,2,2,1.0,0.25,0
2024-03-19,4.0,1.0,1.0,1.0,13.0,13.0,0.0,0.0,0.0,0.0,0.0,5,1,1,13.0,13.0,0,0,0.0,0.0,0
2024-03-23,5.0,0.0,1.0,1.0,14.0,14.0,0.0,0.0,0.0,0.0,0.0,5,1,1,14.0,14.0,0,0,0.0,0.0,0
2024-03-24,4.0,1.0,1.0,1.0,14.0,14.0,0.0,0.0,0.0,0.0,0.0,5,1,1,14.0,14.0,0,0,0.0,0.0,0
2024-03-26,5.0,0.0,1.0,1.0,18.5,18.5,5.0,5.0,1.0,0.75,0.0,5,1,1,18.5,18.5,5,5,1.0,0.75,0
2024-03-27,5.0,0.0,1.0,1.0,18.5,18.5,5.0,5.0,1.0,0.75,0.0,5,1,1,18.5,18.5,5,5,1.0,0.75,0
2024-03-28,3.0,2.0,1.0,1.0,18.5,18.5,3.0,3.0,1.0,0.75,0.0,5,1,1,18.5,18.5,5,5,1.0,0.75,0
2024-03-29,5.0,0.0,1.0,2.0,18.5,18.5,5.0,5.0,1.0,0.75,0.0,5,1,2,18.5,18.5,5,5,1.0,0.75,0
2024-03-30,5.0,0.0,1.0,2.0,14.0,17.0,4.0,0.0,1.0,0.0,0.0,5,1,2,14.0,17.0,4,0,1.0,0.0,0
2024-03-31,5.0,0.0,1.0,2.0,14.0,14.0,0.0,0.0,0.0,0.0,0.0,5,1,2,14.0,14.0,0,0,0.0,0.0,0
2024-04-02,5.0,0.0,1.0,1.0,18.5,18.5,5.0,5.0,1.0,0.75,0.0,5,1,1,18.5,18.5,5,5,1.0,0.75,0
2024-04-03,3.0,2.0,1.0,1.0,18.5,18.5,3.0,3.0,1.0,0.75,0.0,5,1,1,18.5,18.5,5,5,1.0,0.75,0
2024-04-04,5.0,0.0,1.0,1.0,18.5,18.5,5.0,5.0,1.0,0.75,0.0,5,1,1,18.5,18.5,5,5,1.0,0.75,0
2024-04-05,5.0,0.0,1.0,2.0,18.5,18.5,5.0,5.0,1.0,0.75,0.0,5,1,2,18.5,18.5,5,5,1.0,0.75,0
2024-04-06,5.0,0.0,1.0,2.0,17.0,17.0,5.0,0.0,1.0,0.0,0.0,5,1,2,17.0,17.0,5,0,1.0,0.0,0
2024-04-07,5.0,0.0,1.0,2.0,14.0,14.0,0.0,0.0,0.0,0.0,0.0,5,1,2,14.0,14.0,0,0,0.0,0.0,0
2024-04-09,5.0,0.0,1.0,1.0,18.5,18.5,5.0,5.0,1.0,0.75,0.0,5,1,1,18.5,18.5,5,5,1.0,0.75,0
2024-04-10,5.0,0.0,1.0,1.0,14.0,14.0,0.0,0.0,0.0,0.0,0.0,5,1,1,14.0,14.0,0,0,0.0,0.0,0
2024-04-11,5.0,0.0,1.0,1.0,18.5,18.5,5.0,5.0,1.0,0.75,0.0,5,1,1,18.5,18.5,5,5,1.0,0.75,0
2024-04-12,5.0,0.0,1.0,2.0,18.5,18.5,5.0,5.0,1.0,0.75,0.0,5,1,2,18.5,18.5,5,5,1.0,0.75,0
2024-04-13,5.0,0.0,1.0,2.0,14.0,17.0,4.0,0.0,1.0,0.0,0.0,5,1,2,14.0,17.0,4,0,1.0,0.0,0
2024-04-14,5.0,0.0,1.0,2.0,14.0,14.0,0.0,0.0,0.0,0.0,0.0,5,1,2,14.0,14.0,0,0,0.0,0.0,0
2024-04-16,5.0,0.0,1.0,2.0,18.5,18.5,5.0,5.0,1.0,0.75,0.0,5,1,2,18.5,18.5,5,5,1.0,0.75,0
2024-04-17,5.0,0.0,1.0,2.0,18.5,18.5,5.0,5.0,1.0,0.75,0.0,5,1,2,18.5,18.5,5,5,1.0,0.75,0
2024-04-18,4.0,1.0,1.0,2.0,18.5,18.5,4.0,4.0,1.0,0.75,0.0,5,1,2,18.5,18.5,5,5,1.0,0.75,0
2024-04-19,5.0,0.0,1.0,1.0,18.5,18.5,5.0,5.0,1.0,0.75,0.0,5,1,1,18.5,18.5,5,5,1.0,0.75,0
2024-04-20,2.0,3.0,1.0,0.0,17.0,17.0,2.0,0.0,1.0,0.0,0.0,5,1,1,17.0,17.0,5,0,1.0,0.0,0
2024-04-21,8.0,0.0,1.0,2.0,14.0,14.0,3.0,2.0,1.0,0.06666666666666643,0.0,8,1,2,14.0,14.0,3,2,1.0,0.06666666666666643,0
2024-04-23,4.0,1.0,1.0,2.0,18.5,18.5,4.0,4.0,1.0,0.75,0.0,5,1,2,18.5,18.5,5,5,1.0,0.75,0
2024-04-24,5.0,0.0,1.0,2.0,18.5,18.5,5.0,5.0,1.0,0.75,0.0,5,1,2,18.5,18.5,5,5,1.0,0.75,0
2024-04-25,5.0,0.0,1.0,2.0,18.5,18.5,5.0,5.0,1.0,0.75,0.0,5,1,2,18.5,18.5,5,5,1.0,0.75,0
2024-04-26,5.0,0.0,1.0,2.0,18.5,18.5,5.0,5.0,1.0,0.75,0.0,5,1,2,18.5,18.5,5,5,1.0,0.75,0
2024-04-27,5.0,0.0,1.0,2.0,14.0,17.0,4.0,0.0,1.0,0.0,0.0,5,1,2,14.0,17.0,4,0,1.0,0.0,0
2024-04-28,5.0,0.0,1.0,2.0,14.0,14.0,0.0,0.0,0.0,0.0,0.0,5,1,2,14.0,14.0,0,0,0.0,0.0,0
2024-04-30,5.0,0.0,1.0,1.0,18.5,18.5,5.0,5.0,1.0,0.75,0.0,5,1,1,18.5,18.5,5,5,1.0,0.75,0
2024-05-01,5.0,0.0,1.0,1.0,18.5,18.5,5.0,5.0,1.0,0.75,0.0,5,1,1,18.5,18.5,5,5,1.0,0.75,0
2024-05-02,5.0,0.0,1.0,1.0,18.5,18.5,5.0,5.0,1.0,0.75,0.0,5,1,1,18.5,18.5,5,5,1.0,0.75,0
2024-05-03,5.0,0.0,1.0,1.0,18.5,18.5,5.0,5.0,1.0,0.75,0.0,5,1,1,18.5,18.5,5,5,1.0,0.75,0
2024-05-04,5.0,0.0,1.0,1.0,14.0,17.0,4.0,0.0,1.0,0.0,0.0,5,1,1,14.0,17.0,4,0,1.0,0.0,0
2024-05-05,0.0,5.0,0.0,0.0,-1.0,-1.0,0.0,0.0,0.0,0.0,0.0,5,1,1,14.0,14.0,0,0,0.0,0.0,0
2024-05-07,2.0,3.0,1.0,2.0,18.5,18.5,2.0,2.0,1.0,0.75,0.0,5,1,2,18.5,18.5,5,5,1.0,0.75,0
2024-05-08,5.0,0.0,1.0,2.0,18.5,18.5,5.0,5.0,1.0,0.75,0.0,5,1,2,18.5,18.5,5,5,1.0,0.75,0
2024-05-09,5.0,0.0,1.0,2.0,18.5,18.5,5.0,5.0,1.0,0.75,0.0,5,1,2,18.5,18.5,5,5,1.0,0.75,0
2024-05-10,5.0,0.0,1.0,1.0,18.5,18.5,5.0,5.0,1.0,0.75,0.0,5,1,1,18.5,18.5,5,5,1.0,0.75,0
2024-05-11,3.0,2.0,1.0,0.0,14.0,17.0,2.0,0.0,1.0,0.0,0.0,5,1,1,14.0,17.0,4,0,1.0,0.0,0
2024-05-12,7.0,0.0,1.0,2.0,14.0,14.0,2.0,0.0,1.0,0.0,0.0,7,1,2,14.0,14.0,2,0,1.0,0.0,0
2024-05-14,5.0,0.0,1.0,1.0,18.5,18.5,5.0,5.0,1.0,0.75,0.0,5,1,1,18.5,18.5,5,5,1.0,0.75,0
2024-05-15,2.0,3.0,1.0,0.0,14.0,14.0,0.0,0.0,0.0,0.0,0.0,5,1,1,14.0,14.0,0,0,0.0,0.0,0
2024-05-16,5.0,0.0,1.0,1.0,18.5,18.5,5.0,5.0,1.0,0.75,0.0,5,1,1,18.5,18.5,5,5,1.0,0.75,0
2024-05-17,5.0,0.0,1.0,2.0,18.5,18.5,5.0,5.0,1.0,0.75,0.0,5,1,2,18.5,18.5,5,5,1.0,0.75,0
2024-05-18,5.0,0.0,1.0,2.0,17.0,17.0,5.0,0.0,1.0,0.0,0.0,5,1,2,17.0,17.0,5,0,1.0,0.0,0
2024-05-19,5.0,0.0,1.0,2.0,14.0,14.0,0.0,0.0,0.0,0.0,0.0,5,1,2,14.0,14.0,0,0,0.0,0.0,0
2024-05-21,5.0,0.0,1.0,2.0,18.5,18.5,5.0,5.0,1.0,0.75,0.0,5,1,2,18.5,18.5,5,5,1.0,0.75,0
2024-05-22,5.0,0.0,1.0,2.0,18.5,18.5,5.0,5.0,1.0,0.75,0.0,5,1,2,18.5,18.5,5,5,1.0,0.75,0
2024-05-23,5.0,0.0,1.0,2.0,18.5,18.5,5.0,5.0,1.0,0.75,0.0,5,1,2,18.5,18.5,5,5,1.0,0.75,0
2024-05-24,5.0,0.0,1.0,1.0,18.5,18.5,5.0,5.0,1.0,0.75,0.0,5,1,1,18.5,18.5,5,5,1.0,0.75,0
2024-05-25,5.0,0.0,1.0,1.0,14.0,17.0,3.0,0.0,1.0,0.0,0.0,5,1,1,14.0,17.0,3,0,1.0,0.0,0
2024-05-26,3.0,2.0,1.0,1.0,14.0,14.0,0.0,0.0,0.0,0.0,0.0,5,1,1,14.0,14.0,0,0,0.0,0.0,0
2024-05-28,5.0,0.0,1.0,1.0,18.5,18.5,5.0,5.0,1.0,0.75,0.0,5,1,1,18.5,18.5,5,5,1.0,0.75,0
2024-05-29,5.0,0.0,1.0,1.0,18.5,18.5,5.0,5.0,1.0,0.75,0.0,5,1,1,18.5,18.5,5,5,1.0,0.75,0
2024-05-30,5.0,0.0,1.0,1.0,18.5,18.5,5.0,5.0,1.0,0.75,0.0,5,1,1,18.5,18.5,5,5,1.0,0.75,0
2024-05-31,5.0,0.0,1.0,2.0,18.5,18.5,5.0,5.0,1.0,0.75,0.0,5,1,2,18.5,18.5,5,5,1.0,0.75,0
2024-06-01,5.0,0.0,1.0,2.0,17.0,17.0,5.0,0.0,1.0,0.0,0.0,5,1,2,17.0,17.0,5,0,1.0,0.0,0
2024-06-02,5.0,0.0,1.0,2.0,14.0,17.0,3.0,0.0,1.0,0.0,0.0,5,1,2,14.0,17.0,3,0,1.0,0.0,0
2024-06-04,5.0,0.0,1.0,1.0,18.5,18.5,5.0,5.0,1.0,0.75,0.0,5,1,1,18.5,18.5,5,5,1.0,0.75,0
2024-06-05,5.0,0.0,1.0,1.0,18.5,18.5,5.0,5.0,1.0,0.75,0.0,5,1,1,18.5,18.5,5,5,1.0,0.75,0
2024-06-06,5.0,0.0,1.0,1.0,14.0,17.0,3.0,0.0,1.0,0.0,0.0,5,1,1,14.0,17.0,3,0,1.0,0.0,0
2024-06-07,5.0,0.0,1.0,2.0,18.5,18.5,5.0,5.0,1.0,0.75,0.0,5,1,2,18.5,18.5,5,5,1.0,0.75,0
2024-06-08,4.0,1.0,1.0,2.0,17.0,17.0,4.0,0.0,1.0,0.0,0.0,5,1,2,17.0,17.0,5,0,1.0,0.0,0
2024-06-09,6.0,0.0,1.0,2.0,14.0,17.0,4.0,1.0,1.0,0.06666666666666643,0.0,6,1,2,14.0,17.0,4,1,1.0,0.06666666666666643,0
2024-06-11,5.0,0.0,1.0,1.0,18.5,18.5,5.0,5.0,1.0,0.75,0.0,5,1,1,18.5,18.5,5,5,1.0,0.75,0
2024-06-12,5.0,0.0,1.0,1.0,18.5,18.5,5.0,5.0,1.0,0.75,0.0,5,1,1,18.5,18.5,5,5,1.0,0.75,0
2024-06-13,5.0,0.0,1.0,1.0,18.5,18.5,5.0,5.0,1.0,0.75,0.0,5,1,1,18.5,18.5,5,5,1.0,0.75,0
2024-06-14,5.0,0.0,1.0,2.0,18.5,18.5,5.0,5.0,1.0,0.75,0.0,5,1,2,18.5,18.5,5,5,1.0,0.75,0
2024-06-15,5.0,0.0,1.0,2.0,17.0,17.0,5.0,0.0,1.0,0.0,0.0,5,1,2,17.0,17.0,5,0,1.0,0.0,0
2024-06-16,5.0,0.0,1.0,2.0,14.0,17.0,4.0,0.0,1.0,0.0,0.0,5,1,2,14.0,17.0,4,0,1.0,0.0,0
2024-06-18,5.0,0.0,1.0,1.0,18.5,18.5,5.0,5.0,1.0,0.75,0.0,5,1,1,18.5,18.5,5,5,1.0,0.75,0
2024-06-19,5.0,0.0,1.0,1.0,18.5,18.5,5.0,5.0,1.0,0.75,0.0,5,1,1,18.5,18.5,5,5,1.0,0.75,0
2024-06-20,5.0,0.0,1.0,1.0,18.5,18.5,5.0,5.0,1.0,0.75,0.0,5,1,1,18.5,18.5,5,5,1.0,0.75,0
2024-06-21,5.0,0.0,1.0,2.0,18.5,18.5,5.0,5.0,1.0,0.75,0.0,5,1,2,18.5,18.5,5,5,1.0,0.75,0
2024-06-22,2.0,3.0,1.0,1.0,17.0,17.0,2.0,0.0,1.0,0.0,0.0,5,1,2,17.0,17.0,5,0,1.0,0.0,0
2024-06-23,8.0,0.0,1.0,3.0,14.0,14.0,4.0,2.0,1.0,0.5833333333333321,0.0,8,1,3,14.0,14.0,4,2,1.0,0.5833333333333321,0
2024-06-25,5.0,0.0,1.0,2.0,18.5,18.5,5.0,5.0,1.0,0.75,0.0,5,1,2,18.5,18.5,5,5,1.0,0.75,0
2024-06-26,5.0,0.0,1.0,2.0,18.5,18.5,5.0,5.0,1.0,0.75,0.0,5,1,2,18.5,18.5,5,5,1.0,0.75,0
2024-06-27,5.0,0.0,1.0,2.0,18.5,18.5,5.0,5.0,1.0,0.75,0.0,5,1,2,18.5,18.5,5,5,1.0,0.75,0
2024-06-28,5.0,0.0,1.0,1.0,18.5,18.5,5.0,5.0,1.0,0.75,0.0,5,1,1,18.5,18.5,5,5,1.0,0.75,0
2024-06-29,1.0,4.0,1.0,1.0,17.0,17.0,1.0,0.0,1.0,0.0,0.0,5,1,1,17.0,17.0,5,0,1.0,0.0,0
2024-06-30,4.0,5.0,1.0,1.0,14.0,17.0,3.0,1.0,1.0,0.16666666666666785,0.0,9,1,1,14.0,14.0,5,1,1.0,0.16666666666666785,0
2024-07-02,3.0,2.0,1.0,1.0,18.5,18.5,3.0,3.0,1.0,0.75,0.0,5,1,2,18.5,18.5,5,5,1.0,0.75,0
2024-07-03,5.0,0.0,1.0,2.0,18.5,18.5,5.0,5.0,1.0,0.75,0.0,5,1,2,18.5,18.5,5,5,1.0,0.75,0
2024-07-04,5.0,0.0,1.0,2.0,18.5,18.5,5.0,5.0,1.0,0.75,0.0,5,1,2,18.5,18.5,5,5,1.0,0.75,0
2024-07-06,1.0,0.0,1.0,0.0,18.0,18.0,1.0,1.0,1.0,0.25,0.0,1,1,0,18.0,18.0,1,1,1.0,0.25,0
2024-07-09,3.0,2.0,1.0,2.0,18.5,18.5,3.0,3.0,1.0,0.75,0.0,5,1,2,18.5,18.5,5,5,1.0,0.75,0
2024-07-10,5.0,0.0,1.0,2.0,18.5,18.5,5.0,5.0,1.0,0.75,0.0,5,1,2,18.5,18.5,5,5,1.0,0.75,0
2024-07-11,5.0,0.0,1.0,2.0,18.5,18.5,5.0,5.0,1.0,0.75,0.0,5,1,2,18.5,18.5,5,5,1.0,0.75,0
2024-07-12,5.0,0.0,1.0,1.0,18.5,18.5,5.0,5.0,1.0,0.75,0.0,5,1,1,18.5,18.5,5,5,1.0,0.75,0
2024-07-13,5.0,0.0,1.0,1.0,18.0,18.0,5.0,5.0,1.0,0.25,0.0,5,1,1,18.0,18.0,5,5,1.0,0.25,0
2024-07-14,3.0,2.0,1.0,1.0,17.0,17.0,3.0,0.0,1.0,0.0,0.0,5,1,1,17.0,17.0,5,0,1.0,0.0,0
2024-07-16,2.0,3.0,1.0,1.0,18.5,18.5,2.0,2.0,1.0,0.75,0.0,5,1,2,18.5,18.5,5,5,1.0,0.75,0
2024-07-17,5.0,0.0,1.0,2.0,18.5,18.5,5.0,5.0,1.0,0.75,0.0,5,1,2,18.5,18.5,5,5,1.0,0.75,0
2024-07-18,4.0,1.0,1.0,1.0,18.5,18.5,4.0,4.0,1.0,0.75,0.0,5,1,2,18.5,18.5,5,5,1.0,0.75,0
2024-07-19,5.0,0.0,1.0,1.0,18.5,18.5,5.0,5.0,1.0,0.75,0.0,5,1,1,18.5,18.5,5,5,1.0,0.75,0
2024-07-20,2.0,3.0,1.0,0.0,18.0,18.0,2.0,2.0,1.0,0.25,0.0,5,1,1,18.0,18.0,5,5,1.0,0.25,0
2024-07-21,5.0,0.0,1.0,1.0,17.0,17.0,5.0,0.0,1.0,0.0,0.0,5,1,1,17.0,17.0,5,0,1.0,0.0,0
2024-07-23,4.0,1.0,1.0,1.0,18.5,18.5,4.0,4.0,1.0,0.75,0.0,5,1,1,18.5,18.5,5,5,1.0,0.75,0
2024-07-24,4.0,1.0,1.0,1.0,18.5,18.5,4.0,4.0,1.0,0.75,0.0,5,1,1,18.5,18.5,5,5,1.0,0.75,0
2024-07-25,4.0,1.0,1.0,1.0,18.5,18.5,4.0,4.0,1.0,0.75,0.0,5,1,1,18.5,18.5,5,5,1.0,0.75,0
2024-07-26,4.0,1.0,1.0,1.0,18.5,18.5,4.0,4.0,1.0,0.75,0.0,5,1,2,18.5,18.5,5,5,1.0,0.75,0
2024-07-27,4.0,1.0,1.0,1.0,18.0,18.0,4.0,4.0,1.0,0.25,0.0,5,1,2,18.0,18.0,5,5,1.0,0.25,0
2024-07-28,5.0,0.0,1.0,2.0,14.0,17.0,4.0,0.0,1.0,0.0,0.0,5,1,2,14.0,17.0,4,0,1.0,0.0,0
2024-07-30,5.0,0.0,1.0,2.0,18.5,18.5,5.0,5.0,1.0,0.75,0.0,5,1,2,18.5,18.5,5,5,1.0,0.75,0
2024-07-31,5.0,0.0,1.0,2.0,18.5,18.5,5.0,5.0,1.0,0.75,0.0,5,1,2,18.5,18.5,5,5,1.0,0.75,0
2024-08-01,5.0,0.0,1.0,2.0,18.5,18.5,5.0,5.0,1.0,0.75,0.0,5,1,2,18.5,18.5,5,5,1.0,0.75,0
2024-08-02,4.0,1.0,1.0,1.0,18.5,18.5,4.0,4.0,1.0,0.75,0.0,5,1,1,18.5,18.5,5,5,1.0,0.75,0
2024-08-03,4.0,1.0,1.0,1.0,18.0,18.0,4.0,4.0,1.0,0.25,0.0,5,1,1,18.0,18.0,5,5,1.0,0.25,0
2024-08-04,2.0,3.0,1.0,0.0,17.0,17.0,2.0,0.0,1.0,0.0,0.0,5,1,1,17.0,17.0,5,0,1.0,0.0,0
2024-08-06,5.0,0.0,1.0,2.0,18.5,18.5,5.0,5.0,1.0,0.75,0.0,5,1,2,18.5,18.5,5,5,1.0,0.75,0
2024-08-07,5.0,0.0,1.0,2.0,18.5,18.5,5.0,5.0,1.0,0.75,0.0,5,1,2,18.5,18.5,5,5,1.0,0.75,0
2024-08-08,4.0,1.0,1.0,2.0,18.5,18.5,4.0,4.0,1.0,0.75,0.0,5,1,2,18.5,18.5,5,5,1.0,0.75,0
2024-08-09,5.0,0.0,1.0,1.0,18.5,18.5,5.0,5.0,1.0,0.75,0.0,5,1,1,18.5,18.5,5,5,1.0,0.75,0
2024-08-10,4.0,1.0,1.0,1.0,18.0,18.0,4.0,4.0,1.0,0.25,0.0,5,1,1,18.0,18.0,5,5,1.0,0.25,0
2024-08-11,5.0,0.0,1.0,1.0,18.0,18.0,5.0,5.0,1.0,0.25,0.0,5,1,1,18.0,18.0,5,5,1.0,0.25,0
2024-08-13,4.0,1.0,1.0,1.0,18.5,18.5,4.0,4.0,1.0,0.75,0.0,5,1,2,18.5,18.5,5,5,1.0,0.75,0
2024-08-14,4.0,1.0,1.0,2.0,18.5,18.5,4.0,4.0,1.0,0.75,0.0,5,1,2,18.5,18.5,5,5,1.0,0.75,0
2024-08-15,5.0,0.0,1.0,2.0,17.0,18.0,5.0,4.0,1.0,0.25,0.0,5,1,2,17.0,18.0,5,4,1.0,0.25,0
2024-08-16,5.0,0.0,1.0,1.0,18.5,18.5,5.0,5.0,1.0,0.75,0.0,5,1,1,18.5,18.5,5,5,1.0,0.75,0
2024-08-17,5.0,0.0,1.0,1.0,18.0,18.0,5.0,5.0,1.0,0.25,0.0,5,1,1,18.0,18.0,5,5,1.0,0.25,0
2024-08-18,5.0,0.0,1.0,1.0,18.0,18.0,5.0,5.0,1.0,0.25,0.0,5,1,1,18.0,18.0,5,5,1.0,0.25,0
2024-08-20,4.0,1.0,1.0,1.0,18.5,18.5,4.0,4.0,1.0,0.75,0.0,5,1,1,18.5,18.5,5,5,1.0,0.75,0
2024-08-21,5.0,0.0,1.0,1.0,18.5,18.5,5.0,5.0,1.0,0.75,0.0,5,1,1,18.5,18.5,5,5,1.0,0.75,0
2024-08-22,3.0,2.0,1.0,1.0,18.5,18.5,3.0,3.0,1.0,0.75,0.0,5,1,1,18.5,18.5,5,5,1.0,0.75,0
2024-08-23,5.0,0.0,1.0,2.0,18.5,18.5,5.0,5.0,1.0,0.75,0.0,5,1,2,18.5,18.5,5,5,1.0,0.75,0
2024-08-24,5.0,0.0,1.0,2.0,18.0,18.0,5.0,5.0,1.0,0.25,0.0,5,1,2,18.0,18.0,5,5,1.0,0.25,0
2024-08-25,5.0,0.0,1.0,2.0,14.0,18.0,4.0,4.0,1.0,0.25,0.0,5,1,2,14.0,18.0,4,4,1.0,0.25,0
2024-08-27,5.0,0.0,1.0,2.0,18.5,18.5,5.0,5.0,1.0,0.75,0.0,5,1,2,18.5,18.5,5,5,1.0,0.75,0
2024-08-28,5.0,0.0,1.0,2.0,18.5,18.5,5.0,5.0,1.0,0.75,0.0,5,1,2,18.5,18.5,5,5,1.0,0.75,0
2024-08-29,5.0,0.0,1.0,2.0,18.5,18.5,5.0,5.0,1.0,0.75,0.0,5,1,2,18.5,18.5,5,5,1.0,0.75,0
2024-08-30,2.0,0.0,1.0,1.0,18.5,18.5,2.0,2.0,1.0,0.75,0.0,2,1,1,18.5,18.5,2,2,1.0,0.75,0
2024-08-31,4.0,0.0,1.0,1.0,18.0,18.0,4.0,4.0,1.0,0.25,0.0,4,1,1,18.0,18.0,4,4,1.0,0.25,0
2024-09-01,3.0,0.0,1.0,1.0,14.0,14.0,0.0,0.0,0.0,0.0,0.0,3,1,1,14.0,14.0,0,0,0.0,0.0,0
2024-09-03,4.0,0.0,1.0,0.0,18.5,18.5,4.0,4.0,1.0,0.75,0.0,4,1,0,18.5,18.5,4,4,1.0,0.75,0
2024-09-04,5.0,0.0,1.0,1.0,18.5,18.5,5.0,5.0,1.0,0.75,0.0,5,1,1,18.5,18.5,5,5,1.0,0.75,0
2024-09-05,4.0,0.0,1.0,1.0,18.5,18.5,4.0,4.0,1.0,0.75,0.0,4,1,1,18.5,18.5,4,4,1.0,0.75,0
2024-09-06,4.0,0.0,1.0,1.0,18.5,18.5,4.0,4.0,1.0,0.75,0.0,4,1,1,18.5,18.5,4,4,1.0,0.75,0
2024-09-07,5.0,0.0,1.0,1.0,14.0,17.0,4.0,0.0,1.0,0.0,0.0,5,1,1,14.0,17.0,4,0,1.0,0.0,0
2024-09-08,4.0,0.0,1.0,1.0,14.0,14.0,0.0,0.0,0.0,0.0,0.0,4,1,1,14.0,14.0,0,0,0.0,0.0,0
2024-09-10,4.0,0.0,1.0,2.0,18.5,18.5,4.0,4.0,1.0,0.75,0.0,4,1,2,18.5,18.5,4,4,1.0,0.75,0
2024-09-11,4.0,0.0,1.0,1.0,18.5,18.5,4.0,4.0,1.0,0.75,0.0,4,1,1,18.5,18.5,4,4,1.0,0.75,0
2024-09-12,3.0,1.0,1.0,0.0,18.5,18.5,3.0,3.0,1.0,0.75,0.0,4,1,1,18.5,18.5,4,4,1.0,0.75,0
2024-09-13,1.0,2.0,1.0,0.0,18.5,18.5,1.0,1.0,1.0,0.75,0.0,3,1,1,18.5,18.5,3,3,1.0,0.75,0
2024-09-14,5.0,0.0,1.0,1.0,14.0,17.0,3.0,0.0,1.0,0.0,0.0,5,1,1,14.0,17.0,3,0,1.0,0.0,0
2024-09-15,4.0,0.0,1.0,0.0,14.0,14.0,0.0,0.0,0.0,0.0,0.0,4,1,0,14.0,14.0,0,0,0.0,0.0,0
2024-09-16,2.0,0.0,1.0,1.0,14.0,14.0,0.0,0.0,0.0,0.0,0.0,2,1,1,14.0,14.0,0,0,0.0,0.0,0
2024-09-17,5.0,0.0,1.0,2.0,14.0,14.0,0.0,0.0,0.0,0.0,0.0,5,1,2,14.0,14.0,0,0,0.0,0.0,0
2024-09-18,3.0,0.0,1.0,0.0,17.0,17.0,3.0,0.0,1.0,0.0,0.0,3,1,0,17.0,17.0,3,0,1.0,0.0,0
2024-09-19,5.0,0.0,1.0,1.0,18.5,18.5,5.0,5.0,1.0,0.75,0.0,5,1,1,18.5,18.5,5,5,1.0,0.75,0
2024-09-20,0.0,3.0,0.0,0.0,-1.0,-1.0,0.0,0.0,0.0,0.0,0.0,3,1,1,18.5,18.5,3,3,1.0,0.75,0
2024-09-21,3.0,3.0,1.0,2.0,14.0,14.0,2.0,1.0,1.0,0.5833333333333321,0.0,6,1,2,14.0,17.0,5,1,1.0,0.5833333333333321,0
2024-09-22,4.0,1.0,1.0,1.0,14.0,14.0,0.0,0.0,0.0,0.0,0.0,5,1,1,14.0,14.0,0,0,0.0,0.0,0
2024-09-23,3.0,0.0,1.0,1.0,18.5,18.5,3.0,3.0,1.0,0.75,0.0,3,1,1,18.5,18.5,3,3,1.0,0.75,0
2024-09-24,5.0,0.0,1.0,2.0,18.5,18.5,5.0,5.0,1.0,0.75,0.0,5,1,2,18.5,18.5,5,5,1.0,0.75,0
2024-09-25,4.0,0.0,1.0,1.0,18.5,18.5,4.0,4.0,1.0,0.75,0.0,4,1,1,18.5,18.5,4,4,1.0,0.75,0
2024-09-26,3.0,0.0,1.0,1.0,18.5,18.5,3.0,3.0,1.0,0.75,0.0,3,1,1,18.5,18.5,3,3,1.0,0.75,0
2024-09-27,3.0,0.0,1.0,0.0,18.5,18.5,3.0,3.0,1.0,0.75,0.0,3,1,0,18.5,18.5,3,3,1.0,0.75,0
2024-09-28,5.0,0.0,1.0,0.0,17.0,17.0,5.0,0.0,1.0,0.0,0.0,5,1,0,17.0,17.0,5,0,1.0,0.0,0
2024-09-29,1.0,0.0,1.0,0.0,17.0,17.0,1.0,0.0,1.0,0.0,0.0,1,1,0,17.0,17.0,1,0,1.0,0.0,0
2024-09-30,2.0,0.0,1.0,0.0,18.5,18.5,2.0,2.0,1.0,0.75,0.0,2,1,0,18.5,18.5,2,2,1.0,0.75,0
2024-10-01,2.0,0.0,1.0,0.0,17.0,17.0,2.0,0.0,1.0,0.0,1.0,2,1,0,17.0,17.0,2,0,1.0,0.0,1
2024-10-02,1.0,0.0,1.0,1.0,18.5,18.5,1.0,1.0,1.0,0.75,1.0,1,1,1,18.5,18.5,1,1,1.0,0.75,1
2024-10-03,1.0,0.0,1.0,1.0,14.0,14.0,0.0,0.0,0.0,0.0,1.0,1,1,1,14.0,14.0,0,0,0.0,0.0,1
2024-10-05,1.0,0.0,1.0,1.0,14.0,14.0,0.0,0.0,0.0,0.0,1.0,1,1,1,14.0,14.0,0,0,0.0,0.0,1
2024-10-06,1.0,0.0,1.0,1.0,14.0,14.0,0.0,0.0,0.0,0.0,1.0,1,1,1,14.0,14.0,0,0,0.0,0.0,1
2024-10-08,1.0,0.0,1.0,0.0,18.5,18.5,1.0,1.0,1.0,0.75,1.0,1,1,0,18.5,18.5,1,1,1.0,0.75,1
2024-10-09,1.0,0.0,1.0,0.0,14.0,14.0,0.0,0.0,0.0,0.0,1.0,1,1,0,14.0,14.0,0,0,0.0,0.0,1
2024-10-11,1.0,0.0,1.0,1.0,18.5,18.5,1.0,1.0,1.0,0.75,1.0,1,1,1,18.5,18.5,1,1,1.0,0.75,1
2024-10-13,1.0,0.0,1.0,0.0,14.0,14.0,0.0,0.0,0.0,0.0,1.0,1,1,0,14.0,14.0,0,0,0.0,0.0,1
2024-10-14,0.0,1.0,0.0,0.0,-1.0,-1.0,0.0,0.0,0.0,0.0,0.0,1,1,0,18.5,18.5,1,1,1.0,0.75,1
2024-10-15,1.0,0.0,1.0,0.0,18.5,18.5,1.0,1.0,1.0,0.75,1.0,1,1,0,18.5,18.5,1,1,1.0,0.75,1
2024-10-17,1.0,0.0,1.0,1.0,18.5,18.5,1.0,1.0,1.0,0.75,1.0,1,1,1,18.5,18.5,1,1,1.0,0.75,1
2024-10-18,0.0,1.0,0.0,0.0,-1.0,-1.0,0.0,0.0,0.0,0.0,0.0,1,1,1,18.5,18.5,1,1,1.0,0.75,1
2024-10-19,1.0,0.0,1.0,1.0,14.0,14.0,0.0,0.0,0.0,0.0,1.0,1,1,1,14.0,14.0,0,0,0.0,0.0,1
2024-10-22,0.0,1.0,0.0,0.0,-1.0,-1.0,0.0,0.0,0.0,0.0,0.0,1,1,0,18.5,18.5,1,1,1.0,0.75,1
2024-10-23,2.0,0.0,1.0,0.0,16.0,16.0,2.0,1.0,1.0,0.75,1.0,2,1,0,16.0,16.0,2,1,1.0,0.75,1
2024-10-25,1.0,0.0,1.0,0.0,18.5,18.5,1.0,1.0,1.0,0.75,1.0,1,1,0,18.5,18.5,1,1,1.0,0.75,1
2024-10-26,1.0,0.0,1.0,0.0,14.0,14.0,0.0,0.0,0.0,0.0,1.0,1,1,0,14.0,14.0,0,0,0.0,0.0,1
2024-10-28,1.0,0.0,1.0,0.0,18.5,18.5,1.0,1.0,1.0,0.75,1.0,1,1,0,18.5,18.5,1,1,1.0,0.75,1
2025-03-08,5.0,0.0,1.0,0.0,13.0,13.0,0.0,0.0,0.0,0.0,0.0,5,1,0,13.0,13.0,0,0,0.0,0.0,0
2025-03-09,5.0,0.0,1.0,0.0,13.0,13.0,0.0,0.0,0.0,0.0,0.0,5,1,0,13.0,13.0,0,0,0.0,0.0,0
2025-03-10,5.0,0.0,1.0,0.0,13.0,13.0,0.0,0.0,0.0,0.0,0.0,5,1,0,13.0,13.0,0,0,0.0,0.0,0
2025-03-11,5.0,0.0,1.0,0.0,13.0,13.0,0.0,0.0,0.0,0.0,0.0,5,1,0,13.0,13.0,0,0,0.0,0.0,0
2025-03-13,5.0,0.0,1.0,1.0,13.0,13.0,2.0,2.0,1.0,0.25,0.0,5,1,1,13.0,13.0,2,2,1.0,0.25,0
2025-03-14,5.0,0.0,1.0,1.0,13.0,13.0,0.0,0.0,0.0,0.0,0.0,5,1,1,13.0,13.0,0,0,0.0,0.0,0
2025-03-15,3.0,2.0,1.0,1.0,13.0,13.0,0.0,0.0,0.0,0.0,0.0,5,1,1,13.0,13.0,0,0,0.0,0.0,0
2025-03-16,4.0,1.0,1.0,1.0,13.0,13.0,0.0,0.0,0.0,0.0,0.0,5,1,1,13.0,13.0,0,0,0.0,0.0,0
2025-03-17,4.0,1.0,1.0,2.0,13.0,13.0,1.0,1.0,1.0,0.25,0.0,5,1,2,13.0,13.0,2,2,1.0,0.25,0
2025-03-18,1.0,4.0,1.0,1.0,13.0,13.0,0.0,0.0,0.0,0.0,0.0,5,1,2,13.0,13.0,0,0,0.0,0.0,0
2025-03-22,5.0,0.0,1.0,1.0,14.0,14.0,0.0,0.0,0.0,0.0,0.0,5,1,1,14.0,14.0,0,0,0.0,0.0,0
2025-03-23,5.0,0.0,1.0,1.0,14.0,14.0,0.0,0.0,0.0,0.0,0.0,5,1,1,14.0,14.0,0,0,0.0,0.0,0
2025-03-25,5.0,0.0,1.0,1.0,18.5,18.5,5.0,5.0,1.0,0.75,0.0,5,1,1,18.5,18.5,5,5,1.0,0.75,0
2025-03-26,5.0,0.0,1.0,1.0,18.5,18.5,5.0,5.0,1.0,0.75,0.0,5,1,1,18.5,18.5,5,5,1.0,0.75,0
2025-03-27,5.0,0.0,1.0,1.0,18.5,18.5,5.0,5.0,1.0,0.75,0.0,5,1,1,18.5,18.5,5,5,1.0,0.75,0
2025-03-28,5.0,0.0,1.0,2.0,18.5,18.5,5.0,5.0,1.0,0.75,0.0,5,1,2,18.5,18.5,5,5,1.0,0.75,0
2025-03-29,5.0,0.0,1.0,2.0,14.0,17.0,3.0,0.0,1.0,0.0,0.0,5,1,2,14.0,17.0,3,0,1.0,0.0,0
2025-03-30,4.0,1.0,1.0,2.0,14.0,14.0,0.0,0.0,0.0,0.0,0.0,5,1,2,14.0,14.0,0,0,0.0,0.0,0
2025-04-01,0.0,5.0,0.0,0.0,-1.0,-1.0,0.0,0.0,0.0,0.0,0.0,5,1,1,18.5,18.5,5,5,1.0,0.75,0
2025-04-02,4.0,1.0,1.0,1.0,18.5,18.5,4.0,4.0,1.0,0.75,0.0,5,1,1,18.5,18.5,5,5,1.0,0.75,0
2025-04-03,4.0,1.0,1.0,1.0,18.5,18.5,4.0,4.0,1.0,0.75,0.0,5,1,1,18.5,18.5,5,5,1.0,0.75,0
2025-04-04,5.0,0.0,1.0,2.0,18.5,18.5,5.0,5.0,1.0,0.75,0.0,5,1,2,18.5,18.5,5,5,1.0,0.75,0
2025-04-05,3.0,2.0,1.0,1.0,14.0,17.0,2.0,0.0,1.0,0.0,0.0,5,1,2,14.0,17.0,3,0,1.0,0.0,0
2025-04-06,5.0,0.0,1.0,2.0,14.0,14.0,0.0,0.0,0.0,0.0,0.0,5,1,2,14.0,14.0,0,0,0.0,0.0,0
2025-04-08,5.0,0.0,1.0,2.0,18.5,18.5,5.0,5.0,1.0,0.75,0.0,5,1,2,18.5,18.5,5,5,1.0,0.75,0
2025-04-09,5.0,0.0,1.0,2.0,18.5,18.5,5.0,5.0,1.0,0.75,0.0,5,1,2,18.5,18.5,5,5,1.0,0.75,0
2025-04-10,5.0,0.0,1.0,2.0,18.5,18.5,5.0,5.0,1.0,0.75,0.0,5,1,2,18.5,18.5,5,5,1.0,0.75,0
2025-04-11,5.0,0.0,1.0,1.0,18.5,18.5,5.0,5.0,1.0,0.75,0.0,5,1,1,18.5,18.5,5,5,1.0,0.75,0
2025-04-12,3.0,2.0,1.0,1.0,14.0,17.0,2.0,0.0,1.0,0.0,0.0,5,1,1,14.0,17.0,3,0,1.0,0.0,0
2025-04-13,5.0,0.0,1.0,1.0,14.0,14.0,0.0,0.0,0.0,0.0,0.0,5,1,1,14.0,14.0,0,0,0.0,0.0,0
2025-04-15,4.0,1.0,1.0,1.0,18.5,18.5,4.0,4.0,1.0,0.75,0.0,5,1,1,18.5,18.5,5,5,1.0,0.75,0
2025-04-16,4.0,1.0,1.0,1.0,18.5,18.5,4.0,4.0,1.0,0.75,0.0,5,1,1,18.5,18.5,5,5,1.0,0.75,0
2025-04-17,4.0,1.0,1.0,1.0,18.5,18.5,4.0,4.0,1.0,0.75,0.0,5,1,1,18.5,18.5,5,5,1.0,0.75,0
2025-04-18,5.0,0.0,1.0,2.0,18.5,18.5,5.0,5.0,1.0,0.75,0.0,5,1,2,18.5,18.5,5,5,1.0,0.75,0
2025-04-19,5.0,0.0,1.0,2.0,14.0,17.0,3.0,0.0,1.0,0.0,0.0,5,1,2,14.0,17.0,3,0,1.0,0.0,0
2025-04-20,5.0,0.0,1.0,2.0,14.0,14.0,0.0,0.0,0.0,0.0,0.0,5,1,2,14.0,14.0,0,0,0.0,0.0,0
2025-04-22,3.0,2.0,1.0,2.0,18.5,18.5,3.0,3.0,1.0,0.75,0.0,5,1,2,18.5,18.5,5,5,1.0,0.75,0
2025-04-23,5.0,0.0,1.0,2.0,18.5,18.5,5.0,5.0,1.0,0.75,0.0,5,1,2,18.5,18.5,5,5,1.0,0.75,0
2025-04-24,5.0,0.0,1.0,2.0,18.5,18.5,5.0,5.0,1.0,0.75,0.0,5,1,2,18.5,18.5,5,5,1.0,0.75,0
2025-04-25,5.0,0.0,1.0,1.0,18.5,18.5,5.0,5.0,1.0,0.75,0.0,5,1,1,18.5,18.5,5,5,1.0,0.75,0
2025-04-26,5.0,0.0,1.0,1.0,14.0,17.0,3.0,0.0,1.0,0.0,0.0,5,1,1,14.0,17.0,3,0,1.0,0.0,0
2025-04-27,5.0,0.0,1.0,1.0,14.0,14.0,0.0,0.0,0.0,0.0,0.0,5,1,1,14.0,14.0,0,0,0.0,0.0,0
2025-04-29,5.0,0.0,1.0,2.0,18.5,18.5,5.0,5.0,1.0,0.75,0.0,5,1,2,18.5,18.5,5,5,1.0,0.75,0
2025-04-30,5.0,0.0,1.0,2.0,18.5,18.5,5.0,5.0,1.0,0.75,0.0,5,1,2,18.5,18.5,5,5,1.0,0.75,0
2025-05-01,3.0,2.0,1.0,2.0,18.5,18.5,3.0,3.0,1.0,0.75,0.0,5,1,2,18.5,18.5,5,5,1.0,0.75,0
2025-05-02,5.0,0.0,1.0,1.0,18.5,18.5,5.0,5.0,1.0,0.75,0.0,5,1,1,18.5,18.5,5,5,1.0,0.75,0
2025-05-03,4.0,1.0,1.0,1.0,17.0,17.0,4.0,0.0,1.0,0.0,0.0,5,1,1,14.0,17.0,4,0,1.0,0.0,0
2025-05-04,5.0,0.0,1.0,1.0,14.0,14.0,0.0,0.0,0.0,0.0,0.0,5,1,1,14.0,14.0,0,0,0.0,0.0,0
2025-05-05,5.0,0.0,1.0,2.0,14.0,14.0,0.0,0.0,0.0,0.0,0.0,5,1,2,14.0,14.0,0,0,0.0,0.0,0
2025-05-06,5.0,0.0,1.0,2.0,14.0,14.0,0.0,0.0,0.0,0.0,0.0,5,1,2,14.0,14.0,0,0,0.0,0.0,0
2025-05-07,5.0,0.0,1.0,2.0,18.5,18.5,5.0,5.0,1.0,0.75,0.0,5,1,2,18.5,18.5,5,5,1.0,0.75,0
2025-05-09,1.0,4.0,1.0,1.0,18.5,18.5,1.0,1.0,1.0,0.75,0.0,5,1,2,18.5,18.5,5,5,1.0,0.75,0
2025-05-10,6.0,3.0,1.0,2.0,14.0,17.0,4.0,1.0,1.0,0.08333333333333215,0.0,9,1,3,14.0,14.0,4,1,1.0,0.08333333333333215,0
2025-05-11,8.0,0.0,1.0,3.0,14.0,14.0,3.0,3.0,1.0,0.5,0.0,8,1,3,14.0,14.0,3,3,1.0,0.5,0
2025-05-13,5.0,0.0,1.0,1.0,18.5,18.5,5.0,5.0,1.0,0.75,0.0,5,1,1,18.5,18.5,5,5,1.0,0.75,0
2025-05-14,5.0,0.0,1.0,1.0,18.5,18.5,5.0,5.0,1.0,0.75,0.0,5,1,1,18.5,18.5,5,5,1.0,0.75,0
2025-05-15,5.0,0.0,1.0,1.0,18.5,18.5,5.0,5.0,1.0,0.75,0.0,5,1,1,18.5,18.5,5,5,1.0,0.75,0
2025-05-16,0.0,5.0,0.0,0.0,-1.0,-1.0,0.0,0.0,0.0,0.0,0.0,5,1,1,18.5,18.5,5,5,1.0,0.75,0
2025-05-17,10.0,0.0,1.0,2.0,14.0,14.0,5.0,4.0,1.0,0.9166666666666679,0.0,10,1,2,14.0,14.0,5,4,1.0,0.9166666666666679,0
2025-05-18,5.0,0.0,1.0,1.0,14.0,14.0,0.0,0.0,0.0,0.0,0.0,5,1,1,14.0,14.0,0,0,0.0,0.0,0
2025-05-20,5.0,0.0,1.0,2.0,18.5,18.5,5.0,5.0,1.0,0.75,0.0,5,1,2,18.5,18.5,5,5,1.0,0.75,0
2025-05-21,5.0,0.0,1.0,2.0,18.5,18.5,5.0,5.0,1.0,0.75,0.0,5,1,2,18.5,18.5,5,5,1.0,0.75,0
2025-05-22,5.0,0.0,1.0,2.0,18.5,18.5,5.0,5.0,1.0,0.75,0.0,5,1,2,18.5,18.5,5,5,1.0,0.75,0
2025-05-23,5.0,0.0,1.0,2.0,18.5,18.5,5.0,5.0,1.0,0.75,0.0,5,1,2,18.5,18.5,5,5,1.0,0.75,0
2025-05-24,5.0,0.0,1.0,2.0,14.0,17.0,3.0,0.0,1.0,0.0,0.0,5,1,2,14.0,17.0,3,0,1.0,0.0,0
2025-05-25,5.0,0.0,1.0,2.0,14.0,14.0,0.0,0.0,0.0,0.0,0.0,5,1,2,14.0,14.0,0,0,0.0,0.0,0
2025-05-27,5.0,0.0,1.0,1.0,18.5,18.5,5.0,5.0,1.0,0.75,0.0,5,1,1,18.5,18.5,5,5,1.0,0.75,0
2025-05-28,4.0,1.0,1.0,1.0,18.5,18.5,4.0,4.0,1.0,0.75,0.0,5,1,1,18.5,18.5,5,5,1.0,0.75,0
2025-05-29,5.0,0.0,1.0,1.0,18.5,18.5,5.0,5.0,1.0,0.75,0.0,5,1,1,18.5,18.5,5,5,1.0,0.75,0
2025-05-30,5.0,0.0,1.0,2.0,18.5,18.5,5.0,5.0,1.0,0.75,0.0,5,1,2,18.5,18.5,5,5,1.0,0.75,0
2025-05-31,5.0,0.0,1.0,2.0,14.0,17.0,3.0,0.0,1.0,0.0,0.0,5,1,2,14.0,17.0,3,0,1.0,0.0,0
2025-06-01,5.0,0.0,1.0,2.0,14.0,17.0,4.0,0.0,1.0,0.0,0.0,5,1,2,14.0,17.0,4,0,1.0,0.0,0
2025-06-03,5.0,0.0,1.0,1.0,14.0,17.0,3.0,0.0,1.0,0.0,0.0,5,1,1,14.0,17.0,3,0,1.0,0.0,0
2025-06-04,5.0,0.0,1.0,1.0,18.5,18.5,5.0,5.0,1.0,0.75,0.0,5,1,1,18.5,18.5,5,5,1.0,0.75,0
2025-06-05,5.0,0.0,1.0,1.0,18.5,18.5,5.0,5.0,1.0,0.75,0.0,5,1,1,18.5,18.5,5,5,1.0,0.75,0
2025-06-06,5.0,0.0,1.0,2.0,17.0,17.0,5.0,0.0,1.0,0.0,0.0,5,1,2,17.0,17.0,5,0,1.0,0.0,0
2025-06-07,5.0,0.0,1.0,2.0,17.0,17.0,5.0,0.0,1.0,0.0,0.0,5,1,2,17.0,17.0,5,0,1.0,0.0,0
2025-06-08,5.0,0.0,1.0,2.0,14.0,17.0,4.0,0.0,1.0,0.0,0.0,5,1,2,14.0,17.0,4,0,1.0,0.0,0
2025-06-10,5.0,0.0,1.0,2.0,18.5,18.5,5.0,5.0,1.0,0.75,0.0,5,1,2,18.5,18.5,5,5,1.0,0.75,0
2025-06-11,5.0,0.0,1.0,2.0,18.5,18.5,5.0,5.0,1.0,0.75,0.0,5,1,2,18.5,18.5,5,5,1.0,0.75,0
2025-06-12,5.0,0.0,1.0,2.0,18.5,18.5,5.0,5.0,1.0,0.75,0.0,5,1,2,18.5,18.5,5,5,1.0,0.75,0
2025-06-13,1.0,4.0,1.0,0.0,18.5,18.5,1.0,1.0,1.0,0.75,0.0,5,1,1,18.5,18.5,5,5,1.0,0.75,0
2025-06-14,5.0,0.0,1.0,1.0,17.0,17.0,5.0,0.0,1.0,0.0,0.0,5,1,1,17.0,17.0,5,0,1.0,0.0,0
2025-06-15,5.0,0.0,1.0,1.0,17.0,17.0,5.0,0.0,1.0,0.0,0.0,5,1,1,17.0,17.0,5,0,1.0,0.0,0
2025-06-17,5.0,0.0,1.0,2.0,18.5,18.5,5.0,5.0,1.0,0.75,0.0,5,1,2,18.5,18.5,5,5,1.0,0.75,0
2025-06-18,5.0,0.0,1.0,2.0,18.5,18.5,5.0,5.0,1.0,0.75,0.0,5,1,2,18.5,18.5,5,5,1.0,0.75,0
2025-06-19,5.0,0.0,1.0,2.0,18.5,18.5,5.0,5.0,1.0,0.75,0.0,5,1,2,18.5,18.5,5,5,1.0,0.75,0
2025-06-20,1.0,4.0,1.0,0.0,18.5,18.5,1.0,1.0,1.0,0.75,0.0,5,1,1,18.5,18.5,5,5,1.0,0.75,0
2025-06-21,3.0,2.0,1.0,1.0,17.0,17.0,3.0,0.0,1.0,0.0,0.0,5,1,1,17.0,17.0,5,0,1.0,0.0,0
2025-06-22,5.0,0.0,1.0,1.0,17.0,17.0,5.0,0.0,1.0,0.0,0.0,5,1,1,17.0,17.0,5,0,1.0,0.0,0
2025-06-24,3.0,2.0,1.0,2.0,18.5,18.5,3.0,3.0,1.0,0.75,0.0,5,1,2,18.5,18.5,5,5,1.0,0.75,0
2025-06-25,3.0,2.0,1.0,1.0,18.5,18.5,3.0,3.0,1.0,0.75,0.0,5,1,2,18.5,18.5,5,5,1.0,0.75,0
2025-06-26,5.0,0.0,1.0,2.0,18.5,18.5,5.0,5.0,1.0,0.75,0.0,5,1,2,18.5,18.5,5,5,1.0,0.75,0
2025-06-27,5.0,0.0,1.0,2.0,18.5,18.5,5.0,5.0,1.0,0.75,0.0,5,1,2,18.5,18.5,5,5,1.0,0.75,0
2025-06-28,5.0,0.0,1.0,2.0,17.0,17.0,5.0,0.0,1.0,0.0,0.0,5,1,2,17.0,17.0,5,0,1.0,0.0,0
2025-06-29,5.0,0.0,1.0,2.0,14.0,17.0,4.0,0.0,1.0,0.0,0.0,5,1,2,14.0,17.0,4,0,1.0,0.0,0
2025-07-01,5.0,0.0,1.0,1.0,18.5,18.5,5.0,5.0,1.0,0.75,0.0,5,1,1,18.5,18.5,5,5,1.0,0.75,0
2025-07-02,5.0,0.0,1.0,1.0,18.5,18.5,5.0,5.0,1.0,0.75,0.0,5,1,1,18.5,18.5,5,5,1.0,0.75,0
2025-07-03,5.0,0.0,1.0,1.0,18.5,18.5,5.0,5.0,1.0,0.75,0.0,5,1,1,18.5,18.5,5,5,1.0,0.75,0
2025-07-04,5.0,0.0,1.0,2.0,18.5,18.5,5.0,5.0,1.0,0.75,0.0,5,1,2,18.5,18.5,5,5,1.0,0.75,0
2025-07-05,5.0,0.0,1.0,2.0,18.0,18.0,5.0,5.0,1.0,0.25,0.0,5,1,2,18.0,18.0,5,5,1.0,0.25,0
2025-07-06,5.0,0.0,1.0,2.0,14.0,18.0,4.0,4.0,1.0,0.25,0.0,5,1,2,14.0,18.0,4,4,1.0,0.25,0
2025-07-08,5.0,0.0,1.0,1.0,18.5,18.5,5.0,5.0,1.0,0.75,0.0,5,1,1,18.5,18.5,5,5,1.0,0.75,0
2025-07-09,5.0,0.0,1.0,1.0,18.5,18.5,5.0,5.0,1.0,0.75,0.0,5,1,1,18.5,18.5,5,5,1.0,0.75,0
2025-07-10,5.0,0.0,1.0,1.0,18.5,18.5,5.0,5.0,1.0,0.75,0.0,5,1,1,18.5,18.5,5,5,1.0,0.75,0
2025-07-12,1.0,0.0,1.0,0.0,18.0,18.0,1.0,1.0,1.0,0.25,0.0,1,1,0,18.0,18.0,1,1,1.0,0.25,0
2025-07-17,0.0,5.0,0.0,0.0,-1.0,-1.0,0.0,0.0,0.0,0.0,0.0,5,1,1,18.5,18.5,5,5,1.0,0.75,0
2025-07-18,2.0,3.0,1.0,1.0,18.5,18.5,2.0,2.0,1.0,0.75,0.0,5,1,1,18.5,18.5,5,5,1.0,0.75,0
2025-07-19,3.0,2.0,1.0,1.0,18.0,18.0,3.0,3.0,1.0,0.25,0.0,5,1,1,18.0,18.0,5,5,1.0,0.25,0
2025-07-20,5.0,0.0,1.0,1.0,18.0,18.0,5.0,5.0,1.0,0.25,0.0,5,1,1,18.0,18.0,5,5,1.0,0.25,0
2025-07-22,5.0,0.0,1.0,2.0,18.5,18.5,5.0,5.0,1.0,0.75,0.0,5,1,2,18.5,18.5,5,5,1.0,0.75,0
2025-07-23,5.0,0.0,1.0,2.0,18.5,18.5,5.0,5.0,1.0,0.75,0.0,5,1,2,18.5,18.5,5,5,1.0,0.75,0
2025-07-24,5.0,0.0,1.0,2.0,18.5,18.5,5.0,5.0,1.0,0.75,0.0,5,1,2,18.5,18.5,5,5,1.0,0.75,0
2025-07-25,5.0,0.0,1.0,1.0,18.5,18.5,5.0,5.0,1.0,0.75,0.0,5,1,1,18.5,18.5,5,5,1.0,0.75,0
2025-07-26,5.0,0.0,1.0,1.0,18.0,18.0,5.0,5.0,1.0,0.25,0.0,5,1,1,18.0,18.0,5,5,1.0,0.25,0
2025-07-27,5.0,0.0,1.0,1.0,18.0,18.0,5.0,5.0,1.0,0.25,0.0,5,1,1,18.0,18.0,5,5,1.0,0.25,0
2025-07-29,5.0,0.0,1.0,1.0,18.5,18.5,5.0,5.0,1.0,0.75,0.0,5,1,1,18.5,18.5,5,5,1.0,0.75,0
2025-07-30,5.0,0.0,1.0,1.0,18.5,18.5,5.0,5.0,1.0,0.75,0.0,5,1,1,18.5,18.5,5,5,1.0,0.75,0
2025-07-31,5.0,0.0,1.0,1.0,18.5,18.5,5.0,5.0,1.0,0.75,0.0,5,1,1,18.5,18.5,5,5,1.0,0.75,0
2025-08-01,5.0,0.0,1.0,2.0,18.5,18.5,5.0,5.0,1.0,0.75,0.0,5,1,2,18.5,18.5,5,5,1.0,0.75,0
2025-08-02,4.0,1.0,1.0,2.0,18.0,18.0,4.0,4.0,1.0,0.25,0.0,5,1,2,18.0,18.0,5,5,1.0,0.25,0
2025-08-03,4.0,1.0,1.0,2.0,14.0,18.0,3.0,3.0,1.0,0.25,0.0,5,1,2,14.0,18.0,4,4,1.0,0.25,0
2025-08-05,5.0,0.0,1.0,1.0,18.5,18.5,5.0,5.0,1.0,0.75,0.0,5,1,1,18.5,18.5,5,5,1.0,0.75,0
2025-08-06,5.0,0.0,1.0,1.0,18.5,18.5,5.0,5.0,1.0,0.75,0.0,5,1,1,18.5,18.5,5,5,1.0,0.75,0
2025-08-07,5.0,0.0,1.0,1.0,18.5,18.5,5.0,5.0,1.0,0.75,0.0,5,1,1,18.5,18.5,5,5,1.0,0.75,0
2025-08-08,5.0,0.0,1.0,2.0,18.5,18.5,5.0,5.0,1.0,0.75,0.0,5,1,2,18.5,18.5,5,5,1.0,0.75,0
2025-08-09,3.0,2.0,1.0,2.0,18.0,18.0,3.0,3.0,1.0,0.25,0.0,5,1,2,18.0,18.0,5,5,1.0,0.25,0
2025-08-10,5.0,0.0,1.0,2.0,14.0,18.0,4.0,4.0,1.0,0.25,0.0,5,1,2,14.0,18.0,4,4,1.0,0.25,0
2025-08-12,5.0,0.0,1.0,1.0,18.5,18.5,5.0,5.0,1.0,0.75,0.0,5,1,1,18.5,18.5,5,5,1.0,0.75,0
2025-08-13,2.0,3.0,1.0,0.0,18.5,18.5,2.0,2.0,1.0,0.75,0.0,5,1,1,18.5,18.5,5,5,1.0,0.75,0
2025-08-14,4.0,1.0,1.0,1.0,18.5,18.5,4.0,4.0,1.0,0.75,0.0,5,1,1,18.5,18.5,5,5,1.0,0.75,0
2025-08-15,5.0,0.0,1.0,2.0,18.0,18.0,5.0,5.0,1.0,0.25,0.0,5,1,2,18.0,18.0,5,5,1.0,0.25,0
2025-08-16,5.0,0.0,1.0,2.0,18.0,18.0,5.0,5.0,1.0,0.25,0.0,5,1,2,18.0,18.0,5,5,1.0,0.25,0
2025-08-17,5.0,0.0,1.0,2.0,14.0,18.0,4.0,4.0,1.0,0.25,0.0,5,1,2,14.0,18.0,4,4,1.0,0.25,0
2025-08-19,5.0,0.0,1.0,1.0,18.5,18.5,5.0,5.0,1.0,0.75,0.0,5,1,1,18.5,18.5,5,5,1.0,0.75,0
2025-08-20,5.0,0.0,1.0,1.0,18.5,18.5,5.0,5.0,1.0,0.75,0.0,5,1,1,18.5,18.5,5,5,1.0,0.75,0
2025-08-21,5.0,0.0,1.0,1.0,18.5,18.5,5.0,5.0,1.0,0.75,0.0,5,1,1,18.5,18.5,5,5,1.0,0.75,0
2025-08-22,5.0,0.0,1.0,1.0,18.5,18.5,5.0,5.0,1.0,0.75,0.0,5,1,1,18.5,18.5,5,5,1.0,0.75,0
2025-08-23,5.0,0.0,1.0,1.0,18.0,18.0,5.0,5.0,1.0,0.25,0.0,5,1,1,18.0,18.0,5,5,1.0,0.25,0
2025-08-24,5.0,0.0,1.0,1.0,18.0,18.0,5.0,5.0,1.0,0.25,0.0,5,1,1,18.0,18.0,5,5,1.0,0.25,0
2025-08-26,5.0,0.0,1.0,2.0,18.5,18.5,5.0,5.0,1.0,0.75,0.0,5,1,2,18.5,18.5,5,5,1.0,0.75,0
2025-08-27,5.0,0.0,1.0,2.0,18.5,18.5,5.0,5.0,1.0,0.75,0.0,5,1,2,18.5,18.5,5,5,1.0,0.75,0
2025-08-28,5.0,0.0,1.0,2.0,18.5,18.5,5.0,5.0,1.0,0.75,0.0,5,1,2,18.5,18.5,5,5,1.0,0.75,0
2025-08-29,5.0,0.0,1.0,1.0,18.5,18.5,5.0,5.0,1.0,0.75,0.0,5,1,1,18.5,18.5,5,5,1.0,0.75,0
2025-08-30,5.0,0.0,1.0,1.0,18.0,18.0,5.0,5.0,1.0,0.25,0.0,5,1,1,18.0,18.0,5,5,1.0,0.25,0
2025-08-31,5.0,0.0,1.0,1.0,18.0,18.0,5.0,5.0,1.0,0.25,0.0,5,1,1,18.0,18.0,5,5,1.0,0.25,0
2025-09-02,4.0,0.0,1.0,1.0,18.5,18.5,4.0,4.0,1.0,0.75,0.0,4,1,1,18.5,18.5,4,4,1.0,0.75,0
2025-09-03,4.0,0.0,1.0,0.0,18.5,18.5,4.0,4.0,1.0,0.75,0.0,4,1,0,18.5,18.5,4,4,1.0,0.75,0
2025-09-04,2.0,2.0,1.0,0.0,18.5,18.5,2.0,2.0,1.0,0.75,0.0,4,1,0,18.5,18.5,4,4,1.0,0.75,0
2025-09-05,3.0,1.0,1.0,0.0,18.5,18.5,3.0,3.0,1.0,0.75,0.0,4,1,0,18.5,18.5,4,4,1.0,0.75,0
2025-09-06,2.0,2.0,1.0,0.0,17.0,17.0,2.0,0.0,1.0,0.0,0.0,4,1,1,17.0,17.0,4,0,1.0,0.0,0
2025-09-07,3.0,0.0,1.0,1.0,17.0,17.0,3.0,0.0,1.0,0.0,0.0,3,1,1,17.0,17.0,3,0,1.0,0.0,0
2025-09-09,3.0,2.0,1.0,1.0,18.5,18.5,3.0,3.0,1.0,0.75,0.0,5,1,1,18.5,18.5,5,5,1.0,0.75,0
2025-09-10,4.0,0.0,1.0,1.0,18.5,18.5,4.0,4.0,1.0,0.75,0.0,4,1,1,18.5,18.5,4,4,1.0,0.75,0
2025-09-11,4.0,0.0,1.0,2.0,18.5,18.5,4.0,4.0,1.0,0.75,0.0,4,1,2,18.5,18.5,4,4,1.0,0.75,0
2025-09-12,1.0,2.0,1.0,0.0,18.5,18.5,1.0,1.0,1.0,0.75,0.0,3,1,1,18.5,18.5,3,3,1.0,0.75,0
2025-09-13,5.0,0.0,1.0,1.0,17.0,17.0,5.0,0.0,1.0,0.0,0.0,5,1,1,17.0,17.0,5,0,1.0,0.0,0
2025-09-14,4.0,0.0,1.0,1.0,17.0,17.0,4.0,0.0,1.0,0.0,0.0,4,1,1,17.0,17.0,4,0,1.0,0.0,0
2025-09-15,1.0,0.0,1.0,0.0,18.5,18.5,1.0,1.0,1.0,0.75,0.0,1,1,0,18.5,18.5,1,1,1.0,0.75,0
2025-09-16,5.0,0.0,1.0,1.0,18.5,18.5,5.0,5.0,1.0,0.75,0.0,5,1,1,18.5,18.5,5,5,1.0,0.75,0
2025-09-17,3.0,3.0,1.0,1.0,18.5,18.5,3.0,3.0,1.0,0.75,0.0,6,1,1,15.0,18.5,5,5,1.0,0.75,0
2025-09-18,5.0,0.0,1.0,1.0,15.0,18.5,4.0,4.0,1.0,0.75,0.0,5,1,1,15.0,18.5,4,4,1.0,0.75,0
2025-09-19,1.0,2.0,1.0,0.0,18.5,18.5,1.0,1.0,1.0,0.75,0.0,3,1,0,18.5,18.5,3,3,1.0,0.75,0
2025-09-20,5.0,0.0,1.0,1.0,17.0,17.0,5.0,0.0,1.0,0.0,0.0,5,1,1,17.0,17.0,5,0,1.0,0.0,0
2025-09-21,3.0,0.0,1.0,0.0,14.0,14.0,0.0,0.0,0.0,0.0,0.0,3,1,0,14.0,14.0,0,0,0.0,0.0,0
2025-09-22,1.0,0.0,1.0,0.0,18.5,18.5,1.0,1.0,1.0,0.75,0.0,1,1,0,18.5,18.5,1,1,1.0,0.75,0
2025-09-23,4.0,0.0,1.0,0.0,18.5,18.5,4.0,4.0,1.0,0.75,0.0,4,1,0,18.5,18.5,4,4,1.0,0.75,0
2025-09-24,3.0,1.0,1.0,1.0,18.5,18.5,3.0,3.0,1.0,0.75,0.0,4,1,1,18.5,18.5,4,4,1.0,0.75,0
2025-09-25,4.0,0.0,1.0,1.0,18.5,18.5,4.0,4.0,1.0,0.75,0.0,4,1,1,18.5,18.5,4,4,1.0,0.75,0
2025-09-26,4.0,0.0,1.0,1.0,18.5,18.5,4.0,4.0,1.0,0.75,0.0,4,1,1,18.5,18.5,4,4,1.0,0.75,0
2025-09-27,3.0,0.0,1.0,1.0,17.0,17.0,3.0,0.0,1.0,0.0,0.0,3,1,1,17.0,17.0,3,0,1.0,0.0,0
2025-09-28,2.0,2.0,1.0,2.0,14.0,14.0,0.0,0.0,0.0,0.0,0.0,4,1,2,14.0,14.0,0,0,0.0,0.0,0
2025-09-29,3.0,0.0,1.0,0.0,18.5,18.5,3.0,3.0,1.0,0.75,0.0,3,1,0,18.5,18.5,3,3,1.0,0.75,0
2025-09-30,5.0,0.0,1.0,2.0,18.5,18.5,5.0,5.0,1.0,0.75,0.0,5,1,2,18.5,18.5,5,5,1.0,0.75,0
2025-10-01,3.0,0.0,1.0,1.0,18.5,18.5,3.0,3.0,1.0,0.75,0.0,3,1,1,18.5,18.5,3,3,1.0,0.75,0
2025-10-02,1.0,0.0,1.0,0.0,18.5,18.5,1.0,1.0,1.0,0.75,1.0,1,1,0,18.5,18.5,1,1,1.0,0.75,1
2025-10-03,1.0,2.0,1.0,0.0,17.0,17.0,1.0,0.0,1.0,0.0,1.0,3,1,0,17.0,17.0,3,0,1.0,0.0,0
2025-10-04,2.0,0.0,1.0,0.0,17.0,17.0,2.0,0.0,1.0,0.0,1.0,2,1,0,17.0,17.0,2,0,1.0,0.0,1
2025-10-06,1.0,0.0,1.0,0.0,14.0,14.0,0.0,0.0,0.0,0.0,1.0,1,1,0,14.0,14.0,0,0,0.0,0.0,1
2025-10-07,1.0,0.0,1.0,0.0,14.0,14.0,0.0,0.0,0.0,0.0,1.0,1,1,0,14.0,14.0,0,0,0.0,0.0,1
2025-10-09,1.0,0.0,1.0,0.0,14.0,14.0,0.0,0.0,0.0,0.0,1.0,1,1,0,14.0,14.0,0,0,0.0,0.0,1
2025-10-10,0.0,1.0,0.0,0.0,-1.0,-1.0,0.0,0.0,0.0,0.0,0.0,1,1,0,18.5,18.5,1,1,1.0,0.75,1
2025-10-11,1.0,0.0,1.0,0.0,14.0,14.0,0.0,0.0,0.0,0.0,1.0,1,1,0,14.0,14.0,0,0,0.0,0.0,1
2025-10-13,1.0,0.0,1.0,0.0,18.5,18.5,1.0,1.0,1.0,0.75,1.0,1,1,0,18.5,18.5,1,1,1.0,0.75,1
2025-10-14,1.0,0.0,1.0,0.0,18.5,18.5,1.0,1.0,1.0,0.75,1.0,1,1,0,18.5,18.5,1,1,1.0,0.75,1
2025-10-17,0.0,1.0,0.0,0.0,-1.0,-1.0,0.0,0.0,0.0,0.0,0.0,1,1,0,18.5,18.5,1,1,1.0,0.75,1
2025-10-18,1.0,0.0,1.0,0.0,14.0,14.0,0.0,0.0,0.0,0.0,1.0,1,1,0,14.0,14.0,0,0,0.0,0.0,1
2025-10-19,1.0,0.0,1.0,0.0,14.0,14.0,0.0,0.0,0.0,0.0,1.0,1,1,0,14.0,14.0,0,0,0.0,0.0,1
2025-10-21,1.0,0.0,1.0,0.0,18.5,18.5,1.0,1.0,1.0,0.75,1.0,1,1,0,18.5,18.5,1,1,1.0,0.75,1
2025-10-22,1.0,0.0,1.0,0.0,18.5,18.5,1.0,1.0,1.0,0.75,1.0,1,1,0,18.5,18.5,1,1,1.0,0.75,1
2025-10-24,1.0,0.0,1.0,0.0,18.5,18.5,1.0,1.0,1.0,0.75,1.0,1,1,0,18.5,18.5,1,1,1.0,0.75,1
2025-10-26,1.0,0.0,1.0,1.0,14.0,14.0,0.0,0.0,0.0,0.0,1.0,1,1,1,14.0,14.0,0,0,0.0,0.0,1
2025-10-27,1.0,0.0,1.0,1.0,18.5,18.5,1.0,1.0,1.0,0.75,1.0,1,1,1,18.5,18.5,1,1,1.0,0.75,1
2025-10-29,1.0,0.0,1.0,0.0,18.5,18.5,1.0,1.0,1.0,0.75,1.0,1,1,0,18.5,18.5,1,1,1.0,0.75,1
2025-10-30,1.0,0.0,1.0,0.0,18.5,18.5,1.0,1.0,1.0,0.75,1.0,1,1,0,18.5,18.5,1,1,1.0,0.75,1
2025-10-31,1.0,0.0,1.0,0.0,18.5,18.5,1.0,1.0,1.0,0.75,1.0,1,1,0,18.5,18.5,1,1,1.0,0.75,1
2026-03-12,5.0,0.0,1.0,0.0,13.0,13.0,0.0,0.0,0.0,0.0,0.0,5,1,0,13.0,13.0,0,0,0.0,0.0,0
2026-03-13,5.0,0.0,1.0,0.0,13.0,13.0,0.0,0.0,0.0,0.0,0.0,5,1,0,13.0,13.0,0,0,0.0,0.0,0
2026-03-14,5.0,0.0,1.0,0.0,13.0,13.0,0.0,0.0,0.0,0.0,0.0,5,1,0,13.0,13.0,0,0,0.0,0.0,0
2026-03-15,5.0,0.0,1.0,0.0,13.0,13.0,0.0,0.0,0.0,0.0,0.0,5,1,0,13.0,13.0,0,0,0.0,0.0,0
2026-03-16,5.0,0.0,1.0,0.0,13.0,13.0,1.0,0.0,1.0,0.0,0.0,5,1,0,13.0,13.0,1,0,1.0,0.0,0
2026-03-17,5.0,0.0,1.0,0.0,13.0,13.0,0.0,0.0,0.0,0.0,0.0,5,1,0,13.0,13.0,0,0,0.0,0.0,0
2026-03-19,5.0,0.0,1.0,0.0,13.0,13.0,0.0,0.0,0.0,0.0,0.0,5,1,0,13.0,13.0,0,0,0.0,0.0,0
2026-03-20,5.0,0.0,1.0,0.0,13.0,13.0,0.0,0.0,0.0,0.0,0.0,5,1,0,13.0,13.0,0,0,0.0,0.0,0
2026-03-21,5.0,0.0,1.0,1.0,13.0,13.0,0.0,0.0,0.0,0.0,0.0,5,1,1,13.0,13.0,0,0,0.0,0.0,0
2026-03-22,5.0,0.0,1.0,1.0,13.0,13.0,1.0,0.0,1.0,0.0,0.0,5,1,1,13.0,13.0,1,0,1.0,0.0,0
2026-03-23,5.0,0.0,1.0,1.0,13.0,13.0,2.0,2.0,1.0,0.25,0.0,5,1,1,13.0,13.0,2,2,1.0,0.25,0
2026-03-24,5.0,0.0,1.0,1.0,13.0,13.0,0.0,0.0,0.0,0.0,0.0,5,1,1,13.0,13.0,0,0,0.0,0.0,0
2026-03-28,5.0,0.0,1.0,1.0,14.0,14.0,0.0,0.0,0.0,0.0,0.0,5,1,1,14.0,14.0,0,0,0.0,0.0,0
2026-03-29,5.0,0.0,1.0,1.0,14.0,14.0,0.0,0.0,0.0,0.0,0.0,5,1,1,14.0,14.0,0,0,0.0,0.0,0
2026-03-31,5.0,0.0,1.0,1.0,18.5,18.5,5.0,5.0,1.0,0.75,0.0,5,1,1,18.5,18.5,5,5,1.0,0.75,0
2026-04-01,5.0,0.0,1.0,1.0,18.5,18.5,5.0,5.0,1.0,0.75,0.0,5,1,1,18.5,18.5,5,5,1.0,0.75,0
2026-04-02,5.0,0.0,1.0,1.0,18.5,18.5,5.0,5.0,1.0,0.75,0.0,5,1,1,18.5,18.5,5,5,1.0,0.75,0
2026-04-03,5.0,0.0,1.0,2.0,18.5,18.5,5.0,5.0,1.0,0.75,0.0,5,1,2,18.5,18.5,5,5,1.0,0.75,0
2026-04-04,5.0,0.0,1.0,2.0,14.0,17.0,4.0,0.0,1.0,0.0,0.0,5,1,2,14.0,17.0,4,0,1.0,0.0,0
2026-04-05,5.0,0.0,1.0,2.0,14.0,14.0,0.0,0.0,0.0,0.0,0.0,5,1,2,14.0,14.0,0,0,0.0,0.0,0
2026-04-07,5.0,0.0,1.0,1.0,18.5,18.5,5.0,5.0,1.0,0.75,0.0,5,1,1,18.5,18.5,5,5,1.0,0.75,0
2026-04-08,5.0,0.0,1.0,1.0,18.5,18.5,5.0,5.0,1.0,0.75,0.0,5,1,1,18.5,18.5,5,5,1.0,0.75,0
2026-04-09,0.0,5.0,0.0,0.0,-1.0,-1.0,0.0,0.0,0.0,0.0,0.0,5,1,1,18.5,18.5,5,5,1.0,0.75,0
2026-04-10,5.0,0.0,1.0,2.0,18.5,18.5,5.0,5.0,1.0,0.75,0.0,5,1,2,18.5,18.5,5,5,1.0,0.75,0
2026-04-11,5.0,0.0,1.0,2.0,14.0,17.0,4.0,0.0,1.0,0.0,0.0,5,1,2,14.0,17.0,4,0,1.0,0.0,0
2026-04-12,5.0,0.0,1.0,2.0,14.0,14.0,0.0,0.0,0.0,0.0,0.0,5,1,2,14.0,14.0,0,0,0.0,0.0,0
2026-04-14,5.0,0.0,1.0,1.0,18.5,18.5,5.0,5.0,1.0,0.75,0.0,5,1,1,18.5,18.5,5,5,1.0,0.75,0
2026-04-15,5.0,0.0,1.0,1.0,18.5,18.5,5.0,5.0,1.0,0.75,0.0,5,1,1,18.5,18.5,5,5,1.0,0.75,0
2026-04-16,5.0,0.0,1.0,1.0,18.5,18.5,5.0,5.0,1.0,0.75,0.0,5,1,1,18.5,18.5,5,5,1.0,0.75,0
2026-04-17,2.0,3.0,1.0,1.0,18.5,18.5,2.0,2.0,1.0,0.75,0.0,5,1,1,18.5,18.5,5,5,1.0,0.75,0
2026-04-18,5.0,0.0,1.0,1.0,14.0,17.0,4.0,0.0,1.0,0.0,0.0,5,1,1,14.0,17.0,4,0,1.0,0.0,0
2026-04-19,5.0,0.0,1.0,1.0,14.0,14.0,1.0,0.0,1.0,0.0,0.0,5,1,1,14.0,14.0,1,0,1.0,0.0,0
2026-04-21,5.0,0.0,1.0,2.0,18.5,18.5,5.0,5.0,1.0,0.75,0.0,5,1,2,18.5,18.5,5,5,1.0,0.75,0
2026-04-22,5.0,0.0,1.0,2.0,18.5,18.5,5.0,5.0,1.0,0.75,0.0,5,1,2,18.5,18.5,5,5,1.0,0.75,0
2026-04-23,5.0,0.0,1.0,2.0,18.5,18.5,5.0,5.0,1.0,0.75,0.0,5,1,2,18.5,18.5,5,5,1.0,0.75,0
2026-04-24,5.0,0.0,1.0,2.0,18.5,18.5,5.0,5.0,1.0,0.75,0.0,5,1,2,18.5,18.5,5,5,1.0,0.75,0
2026-04-25,5.0,0.0,1.0,2.0,14.0,17.0,4.0,0.0,1.0,0.0,0.0,5,1,2,14.0,17.0,4,0,1.0,0.0,0
2026-04-26,5.0,0.0,1.0,2.0,14.0,14.0,0.0,0.0,0.0,0.0,0.0,5,1,2,14.0,14.0,0,0,0.0,0.0,0
2026-04-28,5.0,0.0,1.0,1.0,18.5,18.5,5.0,5.0,1.0,0.75,0.0,5,1,1,18.5,18.5,5,5,1.0,0.75,0
2026-04-29,5.0,0.0,1.0,1.0,18.5,18.5,5.0,5.0,1.0,0.75,0.0,5,1,1,18.5,18.5,5,5,1.0,0.75,0
2026-04-30,5.0,0.0,1.0,1.0,18.5,18.5,5.0,5.0,1.0,0.75,0.0,5,1,1,18.5,18.5,5,5,1.0,0.75,0
2026-05-01,5.0,0.0,1.0,2.0,17.0,17.0,5.0,0.0,1.0,0.0,0.0,5,1,2,17.0,17.0,5,0,1.0,0.0,0
2026-05-02,5.0,0.0,1.0,2.0,14.0,17.0,4.0,0.0,1.0,0.0,0.0,5,1,2,14.0,17.0,4,0,1.0,0.0,0
2026-05-03,5.0,0.0,1.0,2.0,14.0,14.0,0.0,0.0,0.0,0.0,0.0,5,1,2,14.0,14.0,0,0,0.0,0.0,0
2026-05-05,5.0,0.0,1.0,1.0,14.0,14.0,0.0,0.0,0.0,0.0,0.0,5,1,1,14.0,14.0,0,0,0.0,0.0,0
2026-05-06,5.0,0.0,1.0,1.0,18.5,18.5,5.0,5.0,1.0,0.75,0.0,5,1,1,18.5,18.5,5,5,1.0,0.75,0
2026-05-07,4.0,1.0,1.0,1.0,18.5,18.5,4.0,4.0,1.0,0.75,0.0,5,1,1,18.5,18.5,5,5,1.0,0.75,0
2026-05-08,5.0,0.0,1.0,2.0,18.5,18.5,5.0,5.0,1.0,0.75,0.0,5,1,2,18.5,18.5,5,5,1.0,0.75,0
2026-05-09,5.0,0.0,1.0,2.0,14.0,17.0,4.0,0.0,1.0,0.0,0.0,5,1,2,14.0,17.0,4,0,1.0,0.0,0
2026-05-10,5.0,0.0,1.0,2.0,14.0,14.0,0.0,0.0,0.0,0.0,0.0,5,1,2,14.0,14.0,0,0,0.0,0.0,0
2026-05-12,5.0,0.0,1.0,2.0,18.5,18.5,5.0,5.0,1.0,0.75,0.0,5,1,2,18.5,18.5,5,5,1.0,0.75,0
2026-05-13,5.0,0.0,1.0,2.0,18.5,18.5,5.0,5.0,1.0,0.75,0.0,5,1,2,18.5,18.5,5,5,1.0,0.75,0
2026-05-14,5.0,0.0,1.0,2.0,18.5,18.5,5.0,5.0,1.0,0.75,0.0,5,1,2,18.5,18.5,5,5,1.0,0.75,0
2026-05-15,5.0,0.0,1.0,1.0,18.5,18.5,5.0,5.0,1.0,0.75,0.0,5,1,1,18.5,18.5,5,5,1.0,0.75,0
2026-05-16,5.0,0.0,1.0,1.0,14.0,17.0,4.0,0.0,1.0,0.0,0.0,5,1,1,14.0,17.0,4,0,1.0,0.0,0
2026-05-17,5.0,0.0,1.0,1.0,14.0,14.0,0.0,0.0,0.0,0.0,0.0,5,1,1,14.0,14.0,0,0,0.0,0.0,0
2026-05-19,5.0,0.0,1.0,2.0,18.5,18.5,5.0,5.0,1.0,0.75,0.0,5,1,2,18.5,18.5,5,5,1.0,0.75,0
2026-05-20,1.0,4.0,1.0,1.0,18.5,18.5,1.0,1.0,1.0,0.75,0.0,5,1,2,18.5,18.5,5,5,1.0,0.75,0
2026-05-21,5.0,0.0,1.0,2.0,18.5,18.5,5.0,5.0,1.0,0.75,0.0,5,1,2,18.5,18.5,5,5,1.0,0.75,0
2026-05-22,5.0,0.0,1.0,1.0,18.5,18.5,5.0,5.0,1.0,0.75,0.0,5,1,1,18.5,18.5,5,5,1.0,0.75,0
2026-05-23,5.0,0.0,1.0,1.0,14.0,17.0,4.0,0.0,1.0,0.0,0.0,5,1,1,14.0,17.0,4,0,1.0,0.0,0
2026-05-24,5.0,0.0,1.0,1.0,14.0,14.0,0.0,0.0,0.0,0.0,0.0,5,1,1,14.0,14.0,0,0,0.0,0.0,0
2026-05-26,3.0,2.0,1.0,2.0,18.5,18.5,3.0,3.0,1.0,0.75,0.0,5,1,2,18.5,18.5,5,5,1.0,0.75,0
2026-05-27,5.0,0.0,1.0,2.0,18.5,18.5,5.0,5.0,1.0,0.75,0.0,5,1,2,18.5,18.5,5,5,1.0,0.75,0
2026-05-28,5.0,0.0,1.0,2.0,18.5,18.5,5.0,5.0,1.0,0.75,0.0,5,1,2,18.5,18.5,5,5,1.0,0.75,0
2026-05-29,5.0,0.0,1.0,2.0,18.5,18.5,5.0,5.0,1.0,0.75,0.0,5,1,2,18.5,18.5,5,5,1.0,0.75,0
2026-05-30,5.0,0.0,1.0,2.0,14.0,17.0,4.0,0.0,1.0,0.0,0.0,5,1,2,14.0,17.0,4,0,1.0,0.0,0
2026-05-31,5.0,0.0,1.0,2.0,14.0,14.0,0.0,0.0,0.0,0.0,0.0,5,1,2,14.0,14.0,0,0,0.0,0.0,0
2026-06-02,5.0,0.0,1.0,1.0,18.5,18.5,5.0,5.0,1.0,0.75,0.0,5,1,1,18.5,18.5,5,5,1.0,0.75,0
2026-06-03,5.0,0.0,1.0,1.0,17.0,17.0,5.0,0.0,1.0,0.0,0.0,5,1,1,17.0,17.0,5,0,1.0,0.0,0
2026-06-04,5.0,0.0,1.0,1.0,18.5,18.5,5.0,5.0,1.0,0.75,0.0,5,1,1,18.5,18.5,5,5,1.0,0.75,0
2026-06-05,5.0,0.0,1.0,1.0,18.5,18.5,5.0,5.0,1.0,0.75,0.0,5,1,1,18.5,18.5,5,5,1.0,0.75,0
2026-06-06,5.0,0.0,1.0,1.0,14.0,17.0,4.0,0.0,1.0,0.0,0.0,5,1,1,14.0,17.0,4,0,1.0,0.0,0
2026-06-07,5.0,0.0,1.0,1.0,17.0,17.0,5.0,0.0,1.0,0.0,0.0,5,1,1,17.0,17.0,5,0,1.0,0.0,0
2026-06-09,5.0,0.0,1.0,2.0,18.5,18.5,5.0,5.0,1.0,0.75,0.0,5,1,2,18.5,18.5,5,5,1.0,0.75,0
2026-06-10,5.0,0.0,1.0,2.0,18.5,18.5,5.0,5.0,1.0,0.75,0.0,5,1,2,18.5,18.5,5,5,1.0,0.75,0
2026-06-11,5.0,0.0,1.0,2.0,18.5,18.5,5.0,5.0,1.0,0.75,0.0,5,1,2,18.5,18.5,5,5,1.0,0.75,0
2026-06-12,5.0,0.0,1.0,2.0,18.5,18.5,5.0,5.0,1.0,0.75,0.0,5,1,2,18.5,18.5,5,5,1.0,0.75,0
2026-06-13,5.0,0.0,1.0,2.0,17.0,17.0,5.0,0.0,1.0,0.0,0.0,5,1,2,17.0,17.0,5,0,1.0,0.0,0
2026-06-14,4.0,1.0,1.0,2.0,14.0,17.0,3.0,0.0,1.0,0.0,0.0,5,1,2,14.0,17.0,4,0,1.0,0.0,0
2026-06-16,5.0,0.0,1.0,1.0,18.5,18.5,5.0,5.0,1.0,0.75,0.0,5,1,1,18.5,18.5,5,5,1.0,0.75,0
2026-06-17,5.0,0.0,1.0,1.0,18.5,18.5,5.0,5.0,1.0,0.75,0.0,5,1,1,18.5,18.5,5,5,1.0,0.75,0
2026-06-18,5.0,0.0,1.0,1.0,18.5,18.5,5.0,5.0,1.0,0.75,0.0,5,1,1,18.5,18.5,5,5,1.0,0.75,0
2026-06-19,5.0,0.0,1.0,2.0,18.5,18.5,5.0,5.0,1.0,0.75,0.0,5,1,2,18.5,18.5,5,5,1.0,0.75,0
2026-06-20,5.0,0.0,1.0,2.0,17.0,17.0,5.0,0.0,1.0,0.0,0.0,5,1,2,17.0,17.0,5,0,1.0,0.0,0
2026-06-21,5.0,0.0,1.0,2.0,14.0,17.0,4.0,0.0,1.0,0.0,0.0,5,1,2,14.0,17.0,4,0,1.0,0.0,0
2026-06-23,5.0,0.0,1.0,2.0,18.5,18.5,5.0,5.0,1.0,0.75,0.0,5,1,2,18.5,18.5,5,5,1.0,0.75,0
2026-06-24,5.0,0.0,1.0,2.0,18.5,18.5,5.0,5.0,1.0,0.75,0.0,5,1,2,18.5,18.5,5,5,1.0,0.75,0
2026-06-25,5.0,0.0,1.0,2.0,18.5,18.5,5.0,5.0,1.0,0.75,0.0,5,1,2,18.5,18.5,5,5,1.0,0.75,0
2026-06-26,5.0,0.0,1.0,1.0,18.5,18.5,5.0,5.0,1.0,0.75,0.0,5,1,1,18.5,18.5,5,5,1.0,0.75,0
2026-06-27,5.0,0.0,1.0,1.0,17.0,17.0,5.0,0.0,1.0,0.0,0.0,5,1,1,17.0,17.0,5,0,1.0,0.0,0
2026-06-28,5.0,0.0,1.0,1.0,17.0,17.0,5.0,0.0,1.0,0.0,0.0,5,1,1,17.0,17.0,5,0,1.0,0.0,0
2026-06-30,4.0,1.0,1.0,2.0,18.5,18.5,4.0,4.0,1.0,0.75,0.0,5,1,2,18.5,18.5,5,5,1.0,0.75,0
2026-07-01,5.0,0.0,1.0,2.0,18.5,18.5,5.0,5.0,1.0,0.75,0.0,5,1,2,18.5,18.5,5,5,1.0,0.75,0
2026-07-02,5.0,0.0,1.0,2.0,18.5,18.5,5.0,5.0,1.0,0.75,0.0,5,1,2,18.5,18.5,5,5,1.0,0.75,0
2026-07-03,5.0,0.0,1.0,2.0,18.5,18.5,5.0,5.0,1.0,0.75,0.0,5,1,2,18.5,18.5,5,5,1.0,0.75,0
2026-07-04,5.0,0.0,1.0,2.0,18.0,18.0,5.0,5.0,1.0,0.25,0.0,5,1,2,18.0,18.0,5,5,1.0,0.25,0
2026-07-05,3.0,2.0,1.0,1.0,14.0,18.0,2.0,2.0,1.0,0.25,0.0,5,1,2,14.0,18.0,4,4,1.0,0.25,0
2026-07-07,5.0,0.0,1.0,1.0,18.5,18.5,5.0,5.0,1.0,0.75,0.0,5,1,1,18.5,18.5,5,5,1.0,0.75,0
2026-07-08,4.0,1.0,1.0,1.0,18.5,18.5,4.0,4.0,1.0,0.75,0.0,5,1,1,18.5,18.5,5,5,1.0,0.75,0
2026-07-09,4.0,1.0,1.0,1.0,18.5,18.5,4.0,4.0,1.0,0.75,0.0,5,1,1,18.5,18.5,5,5,1.0,0.75,0
2026-07-11,1.0,0.0,1.0,1.0,18.0,18.0,1.0,1.0,1.0,0.25,0.0,1,1,1,18.0,18.0,1,1,1.0,0.25,0
2026-07-16,5.0,0.0,1.0,1.0,18.5,18.5,5.0,5.0,1.0,0.75,0.0,5,1,1,18.5,18.5,5,5,1.0,0.75,0
2026-07-17,4.0,1.0,1.0,1.0,18.0,18.0,4.0,4.0,1.0,0.25,0.0,5,1,1,18.0,18.0,5,5,1.0,0.25,0
2026-07-18,5.0,0.0,1.0,1.0,18.0,18.0,5.0,5.0,1.0,0.25,0.0,5,1,1,18.0,18.0,5,5,1.0,0.25,0
2026-07-19,5.0,0.0,1.0,1.0,18.0,18.0,5.0,5.0,1.0,0.25,0.0,5,1,1,18.0,18.0,5,5,1.0,0.25,0
2026-07-21,5.0,0.0,1.0,2.0,18.5,18.5,5.0,5.0,1.0,0.75,0.0,5,1,2,18.5,18.5,5,5,1.0,0.75,0
2026-07-22,3.0,2.0,1.0,1.0,18.5,18.5,3.0,3.0,1.0,0.75,0.0,5,1,2,18.5,18.5,5,5,1.0,0.75,0
2026-07-23,4.0,1.0,1.0,2.0,18.5,18.5,4.0,4.0,1.0,0.75,0.0,5,1,2,18.5,18.5,5,5,1.0,0.75,0
2026-07-24,5.0,0.0,1.0,1.0,18.5,18.5,5.0,5.0,1.0,0.75,0.0,5,1,1,18.5,18.5,5,5,1.0,0.75,0
2026-07-25,5.0,0.0,1.0,1.0,18.0,18.0,5.0,5.0,1.0,0.25,0.0,5,1,1,18.0,18.0,5,5,1.0,0.25,0
2026-07-26,5.0,0.0,1.0,1.0,18.0,18.0,5.0,5.0,1.0,0.25,0.0,5,1,1,18.0,18.0,5,5,1.0,0.25,0
2026-07-28,5.0,0.0,1.0,1.0,18.5,18.5,5.0,5.0,1.0,0.75,0.0,5,1,1,18.5,18.5,5,5,1.0,0.75,0
2026-07-29,5.0,0.0,1.0,1.0,18.5,18.5,5.0,5.0,1.0,0.75,0.0,5,1,1,18.5,18.5,5,5,1.0,0.75,0
2026-07-30,5.0,0.0,1.0,1.0,18.5,18.5,5.0,5.0,1.0,0.75,0.0,5,1,1,18.5,18.5,5,5,1.0,0.75,0
2026-07-31,5.0,0.0,1.0,2.0,18.5,18.5,5.0,5.0,1.0,0.75,0.0,5,1,2,18.5,18.5,5,5,1.0,0.75,0
2026-08-01,3.0,2.0,1.0,2.0,18.0,18.0,3.0,3.0,1.0,0.25,0.0,5,1,2,18.0,18.0,5,5,1.0,0.25,0
2026-08-02,4.0,1.0,1.0,2.0,14.0,18.0,3.0,3.0,1.0,0.25,0.0,5,1,2,14.0,18.0,4,4,1.0,0.25,0
2026-08-04,3.0,2.0,1.0,0.0,18.5,18.5,3.0,3.0,1.0,0.75,0.0,5,1,1,18.5,18.5,5,5,1.0,0.75,0
2026-08-05,0.0,5.0,0.0,0.0,-1.0,-1.0,0.0,0.0,0.0,0.0,0.0,5,1,1,18.5,18.5,5,5,1.0,0.75,0
2026-08-06,0.0,5.0,0.0,0.0,-1.0,-1.0,0.0,0.0,0.0,0.0,0.0,5,1,1,18.5,18.5,5,5,1.0,0.75,0
2026-08-07,0.0,5.0,0.0,0.0,-1.0,-1.0,0.0,0.0,0.0,0.0,0.0,5,1,1,18.5,18.5,5,5,1.0,0.75,0
2026-08-08,0.0,5.0,0.0,0.0,-1.0,-1.0,0.0,0.0,0.0,0.0,0.0,5,1,1,18.0,18.0,5,5,1.0,0.25,0
2026-08-09,0.0,5.0,0.0,0.0,-1.0,-1.0,0.0,0.0,0.0,0.0,0.0,5,1,1,18.0,18.0,5,5,1.0,0.25,0
2026-08-11,5.0,0.0,1.0,2.0,19.0,19.0,5.0,5.0,1.0,1.0,0.0,5,1,2,19.0,19.0,5,5,1.0,1.0,0
2026-08-12,5.0,0.0,1.0,2.0,19.0,19.0,5.0,5.0,1.0,1.0,0.0,5,1,2,19.0,19.0,5,5,1.0,1.0,0
2026-08-13,5.0,0.0,1.0,2.0,19.0,19.0,5.0,5.0,1.0,1.0,0.0,5,1,2,19.0,19.0,5,5,1.0,1.0,0
2026-08-14,5.0,0.0,1.0,1.0,19.0,19.0,5.0,5.0,1.0,1.0,0.0,5,1,1,19.0,19.0,5,5,1.0,1.0,0
2026-08-15,5.0,0.0,1.0,1.0,19.0,19.0,5.0,5.0,1.0,1.0,0.0,5,1,1,19.0,19.0,5,5,1.0,1.0,0
2026-08-16,3.0,2.0,1.0,1.0,19.0,19.0,3.0,3.0,1.0,1.0,0.0,5,1,1,19.0,19.0,5,5,1.0,1.0,0
2026-08-18,5.0,0.0,1.0,1.0,19.0,19.0,5.0,5.0,1.0,1.0,0.0,5,1,1,19.0,19.0,5,5,1.0,1.0,0
2026-08-19,5.0,0.0,1.0,1.0,19.0,19.0,5.0,5.0,1.0,1.0,0.0,5,1,1,19.0,19.0,5,5,1.0,1.0,0
2026-08-20,5.0,0.0,1.0,1.0,19.0,19.0,5.0,5.0,1.0,1.0,0.0,5,1,1,19.0,19.0,5,5,1.0,1.0,0
2026-08-21,5.0,0.0,1.0,2.0,19.0,19.0,5.0,5.0,1.0,1.0,0.0,5,1,2,19.0,19.0,5,5,1.0,1.0,0
2026-08-22,2.0,3.0,1.0,1.0,18.0,18.0,2.0,2.0,1.0,1.0,0.0,5,1,2,18.0,19.0,5,5,1.0,1.0,0
2026-08-23,5.0,0.0,1.0,2.0,14.0,19.0,4.0,4.0,1.0,1.0,0.0,5,1,2,14.0,19.0,4,4,1.0,1.0,0
2026-08-25,5.0,0.0,1.0,2.0,18.5,18.5,5.0,5.0,1.0,0.75,0.0,5,1,2,18.5,18.5,5,5,1.0,0.75,0
2026-08-26,5.0,0.0,1.0,2.0,18.5,18.5,5.0,5.0,1.0,0.75,0.0,5,1,2,18.5,18.5,5,5,1.0,0.75,0
2026-08-27,4.0,1.0,1.0,2.0,18.5,18.5,4.0,4.0,1.0,0.75,0.0,5,1,2,18.5,18.5,5,5,1.0,0.75,0
2026-08-28,0.0,5.0,0.0,0.0,-1.0,-1.0,0.0,0.0,0.0,0.0,0.0,5,1,1,18.5,18.5,5,5,1.0,0.75,0
2026-08-29,5.0,0.0,1.0,1.0,18.0,18.0,5.0,5.0,1.0,0.25,0.0,5,1,1,18.0,18.0,5,5,1.0,0.25,0
2026-08-30,5.0,0.0,1.0,1.0,18.0,18.0,5.0,5.0,1.0,0.25,0.0,5,1,1,18.0,18.0,5,5,1.0,0.25,0
