Date,fc_precip_day,fc_precip_evening,fc_temp,fc_cloud
2026-09-28,0.0,0.0,19.779166666666665,48.625
2026-09-29,0.0,0.0,18.466666666666665,4.458333333333333
2026-09-30,0.6000000000000001,0.0,18.650000000000002,16.0
2026-10-01,0.0,0.0,16.162499999999998,33.75
2026-10-02,0.0,0.0,14.395833333333334,0.20833333333333334
2026-10-03,0.0,0.0,16.129166666666666,1.3333333333333333
2026-10-04,7.8,0.4,16.220833333333335,62.875
2026-10-05,0.0,0.0,14.108333333333334,17.708333333333332
2026-10-06,0.0,0.0,14.6,8.833333333333334
2026-10-07,0.0,0.0,15.9625,3.5416666666666665
2026-10-08,0.0,0.0,16.970833333333335,0.2916666666666667
2026-10-09,0.0,0.0,17.916666666666668,0.0
2026-10-10,0.0,0.0,17.716666666666665,2.0833333333333335
2026-10-11,0.0,0.0,15.316666666666668,22.833333333333332
2026-10-12,0.0,0.0,15.320833333333333,75.20833333333333
2026-10-13,0.0,0.0,16.804166666666667,40.166666666666664
