Date,wx_temperature_2m_mean,wx_temperature_2m_max,wx_temperature_2m_min,wx_precipitation_sum,wx_precipitation_hours,wx_snowfall_sum,wx_cloud_cover_mean,wx_wind_speed_10m_max,obs_precip_evening
2023-06-01,20.6,24.4,17.0,1.1,3.0,0.0,68,11.6,0.0
2023-06-02,18.8,23.4,15.8,0.7,6.0,0.0,71,17.1,0.0
2023-06-03,19.5,25.5,14.2,0.0,0.0,0.0,21,22.7,0.0
2023-06-04,18.8,24.0,14.1,0.0,0.0,0.0,55,18.8,0.0
2023-06-05,18.8,22.5,14.7,0.0,0.0,0.0,61,22.5,0.0
2023-06-06,18.4,22.5,14.6,0.0,0.0,0.0,52,18.7,0.0
2023-06-07,20.0,24.8,16.3,0.4,3.0,0.0,97,18.0,0.0
2023-06-08,19.2,22.7,16.9,20.8,10.0,0.0,93,16.6,0.2
2023-06-09,20.7,25.8,16.4,3.1,3.0,0.0,55,12.5,0.0
2023-06-10,21.1,27.4,18.1,26.1,11.0,0.0,82,16.2,8.5
2023-06-11,20.2,23.3,17.0,15.5,15.0,0.0,49,11.4,2.0
2023-06-12,20.9,25.4,17.2,0.7,4.0,0.0,64,13.7,0.0
2023-06-13,20.0,23.7,16.9,0.5,2.0,0.0,26,20.1,0.0
2023-06-14,19.9,24.7,14.3,2.7,2.0,0.0,29,9.9,0.0
2023-06-15,20.5,25.6,15.9,0.9,5.0,0.0,50,14.4,0.0
2023-06-16,20.9,25.8,16.6,0.0,0.0,0.0,18,14.8,0.0
2023-06-17,21.4,27.9,16.0,0.0,0.0,0.0,65,16.8,0.0
2023-06-18,23.1,29.3,18.4,0.0,0.0,0.0,55,15.6,0.0
2023-06-19,26.3,33.9,20.3,0.0,0.0,0.0,60,14.1,0.0
2023-06-20,23.0,25.9,20.4,4.9,7.0,0.0,95,12.9,0.5
2023-06-21,21.0,24.0,19.0,35.7,14.0,0.0,77,14.1,0.0
2023-06-22,20.0,24.4,15.1,1.4,4.0,0.0,24,18.6,0.0
2023-06-23,22.1,27.7,18.1,0.1,1.0,0.0,57,9.5,0.0
2023-06-24,24.2,28.3,20.4,0.1,1.0,0.0,28,10.6,0.0
2023-06-25,25.4,31.4,19.8,0.0,0.0,0.0,56,11.2,0.0
2023-06-26,23.1,26.1,21.2,43.8,19.0,0.0,98,24.7,9.4
2023-06-27,23.5,27.3,20.4,3.2,9.0,0.0,53,26.6,0.0
2023-06-28,24.0,28.1,20.9,2.1,11.0,0.0,91,16.9,0.0
2023-06-29,23.1,24.5,22.3,45.8,18.0,0.0,100,23.4,7.5
2023-06-30,24.0,26.8,21.8,10.7,17.0,0.0,69,10.3,0.0
2023-07-01,25.5,31.3,21.4,0.2,2.0,0.0,49,14.1,0.0
2023-07-02,24.3,29.0,21.1,0.2,2.0,0.0,90,10.5,0.0
2023-07-03,26.8,32.6,21.3,0.1,1.0,0.0,67,8.2,0.0
2023-07-04,24.9,28.0,22.6,29.6,15.0,0.0,100,18.8,7.4
2023-07-05,23.4,26.2,21.0,19.6,8.0,0.0,55,28.8,0.0
2023-07-06,25.1,30.0,20.6,0.0,0.0,0.0,75,19.9,0.0
2023-07-07,24.7,29.9,20.9,0.0,0.0,0.0,56,19.5,0.0
2023-07-08,23.8,28.9,19.7,0.5,2.0,0.0,72,12.6,0.4
2023-07-09,23.7,26.1,22.2,37.3,11.0,0.0,94,17.3,0.1
2023-07-10,24.8,29.0,21.1,6.2,10.0,0.0,75,20.7,0.0
2023-07-11,23.0,24.1,20.9,41.1,16.0,0.0,99,19.1,0.6
2023-07-12,24.8,28.1,21.7,2.8,11.0,0.0,97,10.5,0.0
2023-07-13,24.3,25.7,23.3,48.1,18.0,0.0,100,17.7,6.2
2023-07-14,24.4,25.6,23.5,56.5,19.0,0.0,100,22.7,0.0
2023-07-15,24.1,26.0,23.0,35.8,20.0,0.0,100,26.6,0.2
2023-07-16,23.6,25.6,22.4,1.7,10.0,0.0,98,19.0,0.0
2023-07-17,23.9,26.0,22.0,4.4,15.0,0.0,99,16.5,0.0
2023-07-18,23.8,25.5,22.1,15.5,15.0,0.0,91,8.6,0.0
2023-07-19,25.2,30.5,21.5,0.1,1.0,0.0,42,10.6,0.0
2023-07-20,25.6,30.9,21.0,0.0,0.0,0.0,64,13.6,0.0
2023-07-21,27.1,32.0,22.0,0.1,1.0,0.0,36,6.9,0.0
2023-07-22,26.3,30.2,24.0,10.4,10.0,0.0,64,23.2,7.0
2023-07-23,24.6,26.2,23.5,44.3,21.0,0.0,100,23.4,0.5
2023-07-24,25.3,29.0,23.1,14.8,10.0,0.0,90,15.5,0.0
2023-07-25,25.2,28.6,22.4,13.1,19.0,0.0,87,17.0,4.4
2023-07-26,24.8,28.9,22.3,30.4,21.0,0.0,87,16.8,2.5
2023-07-27,25.7,30.8,22.0,2.3,8.0,0.0,90,14.8,0.0
2023-07-28,27.1,32.0,22.7,2.2,3.0,0.0,13,13.6,0.0
2023-07-29,27.6,31.4,24.5,0.2,2.0,0.0,47,13.7,0.0
2023-07-30,27.6,33.1,22.7,0.1,1.0,0.0,58,8.2,0.0
2023-07-31,27.2,31.4,23.5,0.3,2.0,0.0,82,9.8,0.1
2023-08-01,28.1,32.5,23.9,0.3,3.0,0.0,91,8.5,0.1
2023-08-02,27.3,31.0,24.1,0.0,0.0,0.0,88,13.8,0.0
2023-08-03,26.7,31.0,22.4,0.0,0.0,0.0,47,13.8,0.0
2023-08-04,27.8,32.1,23.5,0.0,0.0,0.0,59,12.1,0.0
2023-08-05,27.9,33.6,23.4,0.0,0.0,0.0,42,18.2,0.0
2023-08-06,28.2,31.9,24.6,11.0,3.0,0.0,88,10.9,0.0
2023-08-07,28.2,32.7,24.4,3.5,10.0,0.0,34,16.4,0.0
2023-08-08,28.2,33.7,23.2,3.1,5.0,0.0,25,17.4,0.0
2023-08-09,27.0,31.4,24.0,2.5,3.0,0.0,76,18.7,0.0
2023-08-10,22.0,24.0,20.5,74.6,24.0,0.0,100,25.7,7.9
2023-08-11,22.9,24.5,20.7,30.4,24.0,0.0,100,22.4,1.3
2023-08-12,23.8,26.2,22.2,10.2,17.0,0.0,79,14.8,0.1
2023-08-13,25.7,29.9,22.0,0.2,2.0,0.0,87,9.1,0.0
2023-08-14,26.9,31.3,23.2,0.2,2.0,0.0,20,10.1,0.0
2023-08-15,26.7,30.7,23.3,0.0,0.0,0.0,63,10.1,0.0
2023-08-16,25.6,29.4,22.2,1.0,8.0,0.0,25,10.9,0.1
2023-08-17,26.4,30.6,22.5,0.1,1.0,0.0,38,6.7,0.0
2023-08-18,26.9,30.6,23.4,1.3,5.0,0.0,16,9.4,0.0
2023-08-19,26.8,31.4,23.6,0.2,2.0,0.0,14,13.9,0.0
2023-08-20,26.2,30.3,22.6,0.0,0.0,0.0,59,10.0,0.0
2023-08-21,26.9,31.6,23.8,4.7,8.0,0.0,71,17.1,2.4
2023-08-22,25.8,29.2,23.8,24.1,17.0,0.0,87,18.5,4.8
2023-08-23,24.1,25.1,23.2,62.5,23.0,0.0,98,13.4,2.2
2023-08-24,24.3,27.8,22.0,14.0,18.0,0.0,98,15.0,2.3
2023-08-25,24.8,27.7,22.2,1.3,10.0,0.0,40,19.3,0.0
2023-08-26,24.5,28.5,21.2,0.0,0.0,0.0,84,11.3,0.0
2023-08-27,23.9,27.2,20.8,1.5,5.0,0.0,98,14.0,0.4
2023-08-28,22.5,24.8,20.9,27.8,17.0,0.0,100,20.7,0.30000000000000004
2023-08-29,23.4,25.1,21.4,33.3,22.0,0.0,100,21.7,3.0
2023-08-30,22.2,24.8,20.4,3.0,9.0,0.0,99,10.8,1.2
2023-08-31,22.8,27.2,19.5,0.2,2.0,0.0,81,11.4,0.0
2023-09-01,22.5,27.8,18.1,0.0,0.0,0.0,7,11.3,0.0
2023-09-02,22.9,29.1,18.0,0.0,0.0,0.0,58,9.2,0.0
2023-09-03,25.1,29.1,22.0,2.4,9.0,0.0,91,8.7,0.0
2023-09-04,24.4,27.7,22.0,7.1,13.0,0.0,100,9.7,0.0
2023-09-05,25.8,30.5,23.2,2.7,5.0,0.0,53,11.5,0.0
2023-09-06,25.7,30.2,22.0,0.3,3.0,0.0,10,14.3,0.0
2023-09-07,23.9,29.6,18.2,0.0,0.0,0.0,0,12.2,0.0
2023-09-08,22.4,28.2,16.5,0.0,0.0,0.0,9,9.4,0.0
2023-09-09,23.5,29.0,18.8,0.0,0.0,0.0,62,10.5,0.0
2023-09-10,23.4,27.6,19.0,0.1,1.0,0.0,71,8.5,0.0
2023-09-11,23.7,27.9,21.2,0.8,6.0,0.0,66,11.9,0.0
2023-09-12,23.7,28.3,20.2,0.0,0.0,0.0,90,9.7,0.0
2023-09-13,21.5,22.9,19.5,19.2,19.0,0.0,100,10.5,3.6
2023-09-14,21.9,26.3,17.6,0.1,1.0,0.0,93,18.7,0.0
2023-09-15,21.3,23.4,20.1,9.5,14.0,0.0,100,12.2,0.0
2023-09-16,22.7,26.3,20.4,25.3,20.0,0.0,100,8.7,14.0
2023-09-17,22.8,26.7,20.4,12.4,14.0,0.0,82,12.6,0.0
2023-09-18,22.7,26.9,19.7,1.3,11.0,0.0,53,11.9,0.0
2023-09-19,22.4,26.5,19.0,0.6,3.0,0.0,94,14.8,0.0
2023-09-20,20.6,22.1,19.0,39.4,20.0,0.0,100,19.9,0.5
2023-09-21,18.9,22.4,16.2,0.0,0.0,0.0,84,19.3,0.0
2023-09-22,18.1,23.8,12.4,0.0,0.0,0.0,35,8.9,0.0
2023-09-23,19.8,24.9,14.8,0.0,0.0,0.0,86,16.1,0.0
2023-09-24,19.8,24.3,15.4,0.1,1.0,0.0,55,15.7,0.0
2023-09-25,19.7,23.0,17.1,1.3,7.0,0.0,96,12.1,0.6
2023-09-26,19.7,21.5,18.5,14.7,24.0,0.0,100,10.9,3.4
2023-09-27,20.9,23.4,19.6,2.8,13.0,0.0,78,10.9,0.0
2023-09-28,21.0,24.7,17.9,0.9,5.0,0.0,45,15.8,0.0
2023-09-29,19.1,23.7,15.9,0.0,0.0,0.0,84,10.8,0.0
2023-09-30,18.8,21.5,15.6,3.9,5.0,0.0,64,19.2,0.0
2023-10-01,16.1,21.3,12.1,0.0,0.0,0.0,3,16.8,0.0
2023-10-02,16.4,22.1,11.9,0.0,0.0,0.0,42,13.1,0.0
2023-10-03,15.8,20.9,11.8,0.0,0.0,0.0,61,12.5,0.0
2023-10-04,16.2,21.5,11.9,1.2,4.0,0.0,67,23.5,0.9
2023-10-05,13.1,17.1,9.3,0.0,0.0,0.0,31,23.2,0.0
2023-10-06,13.6,19.0,9.1,0.0,0.0,0.0,86,11.2,0.0
2023-10-07,14.6,20.8,8.2,0.0,0.0,0.0,91,10.0,0.0
2023-10-08,15.7,19.3,12.7,0.2,1.0,0.0,77,14.8,0.0
2023-10-09,15.6,19.4,13.1,0.2,2.0,0.0,74,9.9,0.0
2023-10-10,14.9,21.3,10.4,0.0,0.0,0.0,12,10.3,0.0
2023-10-11,15.2,21.2,11.1,0.0,0.0,0.0,32,9.2,0.0
2023-10-12,15.0,22.1,9.5,0.0,0.0,0.0,47,9.4,0.0
2023-10-13,16.0,20.0,12.5,0.0,0.0,0.0,94,7.9,0.0
2023-10-14,14.4,16.7,10.9,4.8,13.0,0.0,65,9.6,0.3
2023-10-15,14.3,19.5,10.8,0.0,0.0,0.0,23,15.6,0.0
2023-10-16,12.0,17.1,7.8,0.0,0.0,0.0,2,11.4,0.0
2023-10-17,11.8,17.7,7.8,0.0,0.0,0.0,0,9.5,0.0
2023-10-18,12.8,19.3,6.8,0.0,0.0,0.0,87,13.5,0.0
2023-10-19,15.3,18.4,13.5,8.1,7.0,0.0,98,13.4,0.0
2023-10-20,10.8,13.5,6.2,0.0,0.0,0.0,25,24.7,0.0
2023-10-21,9.0,15.3,4.0,0.0,0.0,0.0,17,20.6,0.0
2023-10-22,10.2,16.6,4.0,0.0,0.0,0.0,48,12.6,0.0
2023-10-23,12.7,18.0,7.8,0.7,4.0,0.0,54,13.4,0.0
2023-10-24,12.5,17.8,8.2,1.4,7.0,0.0,69,15.3,0.0
2023-10-25,13.8,20.0,9.2,0.1,1.0,0.0,53,9.6,0.0
2023-10-26,14.3,19.6,10.7,7.8,9.0,0.0,96,19.7,1.3
2023-10-27,13.3,17.6,8.9,0.5,5.0,0.0,48,11.6,0.0
2023-10-28,12.2,17.4,7.1,0.0,0.0,0.0,2,8.8,0.0
2023-10-29,12.1,18.3,6.8,0.0,0.0,0.0,13,9.4,0.0
2023-10-30,11.6,18.5,6.5,0.0,0.0,0.0,48,9.1,0.0
2023-10-31,12.3,18.4,7.5,0.0,0.0,0.0,64,12.3,0.0
2023-11-01,17.0,21.9,14.4,6.5,9.0,0.0,62,27.5,0.0
2023-11-02,17.8,23.0,14.5,0.0,0.0,0.0,10,18.6,0.0
2023-11-03,16.8,19.3,15.2,11.9,14.0,0.0,95,22.1,0.0
2023-11-04,16.4,20.2,13.9,2.0,2.0,0.0,86,14.8,0.0
2023-11-05,15.8,19.8,12.6,31.0,21.0,0.0,84,25.9,10.8
2023-11-06,13.9,18.9,6.7,34.9,20.0,0.0,75,38.6,0.6000000000000001
2023-11-07,4.5,7.0,2.2,0.1,1.0,0.0,25,26.6,0.0
2023-11-08,6.2,12.8,-0.4,0.0,0.0,0.0,36,8.2,0.0
2023-11-09,10.4,18.0,4.2,3.6,4.0,0.0,61,17.1,0.9
2023-11-10,2.3,6.9,-0.6,0.0,0.0,0.0,25,21.7,0.0
2023-11-11,-0.1,4.2,-3.2,0.0,0.0,0.0,50,10.4,0.0
2023-11-12,-0.8,3.4,-4.4,0.0,0.0,0.0,1,13.2,0.0
2023-11-13,-0.7,4.5,-4.9,0.0,0.0,0.0,3,13.9,0.0
2023-11-14,2.6,8.1,-2.7,0.0,0.0,0.0,60,9.0,0.0
2023-11-15,4.4,10.7,-1.9,0.0,0.0,0.0,51,13.3,0.0
2023-11-16,5.1,7.5,2.5,9.5,9.0,0.0,85,13.7,0.1
2023-11-17,0.6,3.9,-3.5,0.5,3.0,0.28,49,19.3,0.0
2023-11-18,-1.3,4.0,-4.6,0.0,0.0,0.0,3,21.2,0.0
2023-11-19,3.8,12.6,-3.4,0.2,2.0,0.0,20,25.6,0.0
2023-11-20,3.0,8.8,-2.3,0.0,0.0,0.0,0,8.7,0.0
2023-11-21,3.8,11.3,-1.4,0.0,0.0,0.0,13,10.2,0.0
2023-11-22,5.7,12.6,0.0,0.0,0.0,0.0,48,11.5,0.0
2023-11-23,8.9,13.0,1.4,0.4,4.0,0.0,57,23.2,0.0
2023-11-24,-2.8,0.4,-5.3,0.0,0.0,0.0,0,22.2,0.0
2023-11-25,-3.5,0.6,-6.8,0.0,0.0,0.0,13,8.9,0.0
2023-11-26,1.6,5.4,-1.7,0.0,0.0,0.0,75,9.6,0.0
2023-11-27,5.3,8.7,3.7,3.6,13.0,0.0,72,15.8,0.2
2023-11-28,-0.8,3.2,-4.2,0.0,0.0,0.0,20,22.1,0.0
2023-11-29,-2.7,0.1,-5.8,0.1,1.0,0.07,56,19.0,0.0
2023-11-30,-5.3,-2.1,-7.7,0.0,0.0,0.0,0,17.9,0.0
2023-12-01,-4.1,0.6,-7.1,0.0,0.0,0.0,5,20.3,0.0
2023-12-02,-0.1,6.3,-5.6,0.2,2.0,0.0,48,22.1,0.0
2023-12-03,-1.6,3.3,-5.6,0.0,0.0,0.0,0,11.8,0.0
2023-12-04,-0.5,6.8,-4.9,0.0,0.0,0.0,23,11.8,0.0
2023-12-05,4.1,9.5,0.8,0.0,0.0,0.0,60,10.1,0.0
2023-12-06,4.6,9.4,-0.2,11.1,6.0,0.0,67,21.0,0.0
2023-12-07,4.0,10.5,-3.1,0.0,0.0,0.0,5,25.8,0.0
2023-12-08,9.1,15.6,3.6,0.0,0.0,0.0,5,28.4,0.0
2023-12-09,10.7,15.3,7.4,0.2,2.0,0.0,32,15.5,0.0
2023-12-10,7.7,13.9,2.1,0.1,1.0,0.0,78,13.9,0.0
2023-12-11,7.8,10.2,3.4,14.3,21.0,0.0,100,30.2,3.1
2023-12-12,4.0,7.7,1.3,0.8,3.0,0.0,60,21.1,0.0
2023-12-13,4.2,10.0,-1.9,0.6,1.0,0.0,56,11.9,0.0
2023-12-14,6.5,7.2,5.4,19.8,18.0,0.0,100,22.6,7.0
2023-12-15,4.5,5.3,3.1,18.9,14.0,0.0,100,22.4,0.0
2023-12-16,-4.0,2.9,-10.9,0.4,3.0,0.14,53,30.3,0.0
2023-12-17,-10.3,-7.0,-12.8,0.0,0.0,0.0,0,18.3,0.0
2023-12-18,-7.7,-3.6,-11.0,0.0,0.0,0.0,76,12.7,0.0
2023-12-19,-4.3,0.0,-8.1,0.0,0.0,0.07,75,10.8,0.0
2023-12-20,-7.6,-3.9,-11.4,0.1,1.0,0.07,14,20.1,0.0
2023-12-21,-11.8,-8.1,-14.5,0.0,0.0,0.0,1,17.9,0.0
2023-12-22,-12.0,-8.1,-14.9,0.0,0.0,0.0,0,17.1,0.0
2023-12-23,-7.9,-2.4,-12.2,0.0,0.0,0.0,27,7.6,0.0
2023-12-24,-3.5,1.0,-5.4,0.6,6.0,0.42,56,10.0,0.0
2023-12-25,-2.7,1.9,-6.2,0.5,5.0,0.35,63,13.7,0.0
2023-12-26,-0.8,6.0,-5.3,0.0,0.0,0.0,56,18.6,0.0
2023-12-27,-0.9,5.5,-6.5,0.0,0.0,0.0,4,8.2,0.0
2023-12-28,-0.4,4.5,-3.7,0.0,0.0,0.0,33,11.1,0.0
2023-12-29,-0.1,4.5,-3.5,0.0,0.0,0.0,73,10.1,0.0
2023-12-30,-0.8,1.2,-3.9,11.4,15.0,5.46,94,13.8,0.5
2023-12-31,1.4,5.4,-2.4,2.2,10.0,0.07,70,18.1,0.0
2024-01-01,0.7,6.7,-3.6,0.0,0.0,0.0,45,12.7,0.0
2024-01-02,1.0,4.0,-1.7,0.1,1.0,0.0,97,12.7,0.0
2024-01-03,-0.2,3.1,-3.7,0.1,1.0,0.07,65,10.4,0.0
2024-01-04,-0.6,5.2,-5.6,0.0,0.0,0.0,29,17.4,0.0
2024-01-05,2.6,8.0,-2.0,0.6,4.0,0.0,23,16.6,0.0
2024-01-06,-1.9,3.5,-6.3,0.4,2.0,0.28,16,11.7,0.4
2024-01-07,-5.5,-2.7,-9.0,0.0,0.0,0.0,0,23.3,0.0
2024-01-08,-6.1,-1.8,-10.0,0.0,0.0,0.0,38,12.4,0.0
2024-01-09,-1.2,1.0,-3.4,2.4,16.0,1.68,100,9.4,0.30000000000000004
2024-01-10,-2.8,3.7,-6.9,0.0,0.0,0.0,19,8.6,0.0
2024-01-11,-1.4,4.8,-6.1,0.0,0.0,0.0,83,21.6,0.0
2024-01-12,-2.1,3.3,-6.4,0.0,0.0,0.0,0,14.5,0.0
2024-01-13,-2.9,3.2,-6.6,0.0,0.0,0.0,0,9.9,0.0
2024-01-14,-2.1,3.4,-5.8,2.7,4.0,0.0,46,15.5,0.0
2024-01-15,-5.0,0.6,-8.5,0.0,0.0,0.0,0,15.1,0.0
2024-01-16,-3.9,2.1,-8.6,0.0,0.0,0.0,48,9.1,0.0
2024-01-17,-1.6,1.1,-5.7,7.7,12.0,2.87,88,7.8,1.9
2024-01-18,2.7,9.8,-0.7,1.0,4.0,0.0,53,21.0,0.0
2024-01-19,3.2,7.4,0.9,0.0,0.0,0.0,95,21.1,0.0
2024-01-20,1.7,4.0,0.4,2.2,12.0,1.26,100,22.7,1.1
2024-01-21,0.6,2.5,-3.0,0.1,1.0,0.07,99,17.5,0.1
2024-01-22,-8.6,-4.2,-12.4,0.0,0.0,0.0,59,22.9,0.0
2024-01-23,-12.3,-9.0,-15.0,0.0,0.0,0.0,8,23.8,0.0
2024-01-24,-8.9,-4.3,-12.0,0.0,0.0,0.0,0,23.0,0.0
2024-01-25,-6.0,-0.8,-9.2,0.0,0.0,0.0,2,13.8,0.0
2024-01-26,-3.6,3.1,-7.5,0.0,0.0,0.0,21,15.5,0.0
2024-01-27,-2.4,4.1,-7.3,0.0,0.0,0.0,39,14.2,0.0
2024-01-28,-3.1,1.5,-6.7,0.0,0.0,0.0,16,13.0,0.0
2024-01-29,-2.4,3.9,-6.5,0.0,0.0,0.0,27,9.4,0.0
2024-01-30,-0.6,6.3,-5.8,0.0,0.0,0.0,29,8.3,0.0
2024-01-31,1.6,8.8,-3.8,0.0,0.0,0.0,39,12.0,0.0
2024-02-01,0.1,5.6,-3.7,0.0,0.0,0.0,87,16.8,0.0
2024-02-02,1.0,4.9,-3.2,0.0,0.0,0.0,98,12.3,0.0
2024-02-03,1.4,6.8,-3.0,1.4,6.0,0.0,97,12.1,1.1
2024-02-04,4.1,9.3,0.8,0.0,0.0,0.0,92,15.9,0.0
2024-02-05,1.4,2.6,-0.9,7.6,24.0,3.29,100,24.7,1.0
2024-02-06,0.5,3.7,-1.8,1.0,6.0,0.56,94,12.6,0.0
2024-02-07,-1.4,2.9,-5.7,0.0,0.0,0.0,44,7.4,0.0
2024-02-08,-1.7,3.5,-5.0,0.0,0.0,0.0,51,9.0,0.0
2024-02-09,-1.2,4.3,-4.5,0.0,0.0,0.0,36,17.6,0.0
2024-02-10,-0.9,6.5,-5.3,0.0,0.0,0.0,15,18.0,0.0
2024-02-11,-1.7,5.1,-7.1,0.0,0.0,0.0,16,25.0,0.0
2024-02-12,0.1,8.6,-6.2,0.0,0.0,0.0,0,12.5,0.0
2024-02-13,5.6,13.0,-0.3,0.0,0.0,0.0,9,25.6,0.0
2024-02-14,9.3,16.3,4.0,1.0,8.0,0.0,55,17.5,0.0
2024-02-15,4.4,8.9,-1.6,8.6,12.0,2.24,91,22.2,0.0
2024-02-16,-0.1,6.1,-4.8,0.0,0.0,0.0,5,10.5,0.0
2024-02-17,1.2,8.4,-4.7,0.0,0.0,0.0,9,8.3,0.0
2024-02-18,4.0,9.2,-2.8,8.5,6.0,0.0,75,16.0,0.7
2024-02-19,8.8,11.9,2.1,8.6,13.0,0.0,97,18.9,0.0
2024-02-20,2.8,6.7,0.3,2.0,10.0,0.07,100,21.6,0.6000000000000001
2024-02-21,1.7,2.7,0.1,15.3,22.0,9.24,100,23.5,2.1
2024-02-22,-0.6,0.9,-2.1,5.7,15.0,3.99,100,20.4,0.30000000000000004
2024-02-23,0.6,5.8,-2.6,0.2,2.0,0.14,96,18.4,0.0
2024-02-24,0.6,6.0,-3.7,2.1,6.0,0.91,100,15.0,1.3
2024-02-25,1.7,5.6,-2.2,2.1,11.0,1.47,82,12.6,0.0
2024-02-26,1.8,8.1,-3.4,0.0,0.0,0.0,43,11.7,0.0
2024-02-27,2.2,8.5,-2.8,0.0,0.0,0.0,95,16.6,0.0
2024-02-28,3.9,7.9,1.1,0.0,0.0,0.0,98,10.5,0.0
2024-02-29,2.8,7.5,-1.9,0.1,1.0,0.0,93,18.7,0.0
2024-03-01,-4.9,-1.3,-7.9,0.0,0.0,0.0,13,25.3,0.0
2024-03-02,-2.0,4.4,-8.3,3.6,6.0,2.52,48,33.1,2.3
2024-03-03,1.6,7.6,-4.3,0.4,2.0,0.07,17,22.1,0.0
2024-03-04,2.1,9.0,-5.3,0.0,0.0,0.0,56,8.3,0.0
2024-03-05,5.3,10.5,2.5,0.6,2.0,0.07,100,15.7,0.0
2024-03-06,4.0,8.9,-1.3,0.0,0.0,0.0,71,15.4,0.0
2024-03-07,2.6,7.1,-1.3,2.1,9.0,0.49,56,18.7,0.0
2024-03-08,0.1,5.9,-4.3,0.0,0.0,0.0,5,24.7,0.0
2024-03-09,-0.6,5.8,-5.6,0.0,0.0,0.0,0,17.1,0.0
2024-03-10,1.7,8.3,-3.9,0.0,0.0,0.0,18,17.2,0.0
2024-03-11,3.8,9.6,-1.6,0.4,1.0,0.0,96,12.2,0.4
2024-03-12,4.6,10.0,-0.1,1.7,7.0,0.0,55,11.2,0.1
2024-03-13,3.6,10.5,-2.4,0.0,0.0,0.0,9,23.2,0.0
2024-03-14,5.0,12.9,-0.9,0.0,0.0,0.0,0,16.8,0.0
2024-03-15,5.3,12.4,-0.7,0.0,0.0,0.0,1,21.4,0.0
2024-03-16,7.5,15.4,-0.4,0.0,0.0,0.0,39,13.8,0.0
2024-03-17,7.0,10.1,3.4,0.1,1.0,0.0,88,25.7,0.0
2024-03-18,4.0,11.4,-3.2,0.0,0.0,0.0,53,16.3,0.0
2024-03-19,5.3,10.3,2.1,0.7,3.0,0.0,64,33.6,0.0
2024-03-20,3.2,7.7,-0.7,0.0,0.0,0.0,13,22.3,0.0
2024-03-21,3.0,9.9,-2.5,0.0,0.0,0.0,17,15.9,0.0
2024-03-22,7.8,15.8,0.3,16.3,8.0,0.0,96,31.1,9.9
2024-03-23,10.5,16.2,7.5,1.3,1.0,0.0,73,15.6,0.0
2024-03-24,11.9,19.3,5.3,0.0,0.0,0.0,82,12.5,0.0
2024-03-25,8.7,12.4,5.6,2.5,7.0,0.0,100,25.1,0.7
2024-03-26,6.1,12.1,1.9,12.4,11.0,0.21,77,18.5,0.0
2024-03-27,7.6,14.7,1.6,0.0,0.0,0.0,93,12.4,0.0
2024-03-28,8.8,12.0,6.6,3.0,12.0,0.0,94,12.6,0.0
2024-03-29,7.1,13.1,2.7,5.0,5.0,0.07,52,30.2,0.0
2024-03-30,6.4,14.2,0.5,1.0,2.0,0.21,35,19.9,0.0
2024-03-31,7.2,14.4,0.1,0.0,0.0,0.0,35,9.9,0.0
2024-04-01,8.9,16.2,3.1,0.0,0.0,0.0,15,16.2,0.0
2024-04-02,11.6,21.2,2.8,0.0,0.0,0.0,87,10.3,0.0
2024-04-03,12.6,16.3,9.7,0.5,3.0,0.0,86,12.0,0.0
2024-04-04,12.9,18.4,9.2,0.0,0.0,0.0,92,15.9,0.0
2024-04-05,11.8,16.2,6.8,0.1,1.0,0.0,58,17.1,0.0
2024-04-06,9.8,16.6,4.6,0.0,0.0,0.0,68,17.2,0.0
2024-04-07,11.8,20.8,4.1,0.0,0.0,0.0,31,16.6,0.0
2024-04-08,13.3,20.7,6.7,0.0,0.0,0.0,100,9.8,0.0
2024-04-09,12.2,17.5,8.0,0.0,0.0,0.0,13,23.6,0.0
2024-04-10,11.7,17.7,6.2,0.0,0.0,0.0,81,18.7,0.0
2024-04-11,12.8,19.2,8.5,0.5,2.0,0.0,63,13.0,0.0
2024-04-12,14.1,22.5,6.6,0.0,0.0,0.0,13,15.5,0.0
2024-04-13,16.1,26.4,8.6,0.0,0.0,0.0,21,16.7,0.0
2024-04-14,18.0,28.1,9.2,0.0,0.0,0.0,61,15.0,0.0
2024-04-15,14.9,17.7,10.2,19.1,10.0,0.0,95,22.7,0.0
2024-04-16,11.6,15.7,7.3,0.8,5.0,0.0,67,19.0,0.0
2024-04-17,11.9,20.9,6.8,0.0,0.0,0.0,76,16.8,0.0
2024-04-18,14.7,23.5,8.4,0.0,0.0,0.0,3,18.1,0.0
2024-04-19,14.4,21.4,7.1,0.0,0.0,0.0,58,15.0,0.0
2024-04-20,13.1,15.2,11.9,5.7,15.0,0.0,100,20.9,1.0
2024-04-21,15.8,20.6,12.2,0.1,1.0,0.0,99,22.6,0.1
2024-04-22,16.9,23.4,13.3,0.0,0.0,0.0,89,20.0,0.0
2024-04-23,15.5,22.2,10.3,1.2,3.0,0.0,88,24.5,1.2
2024-04-24,12.8,17.4,9.5,12.1,10.0,0.0,79,14.7,0.0
2024-04-25,12.7,19.8,9.5,0.0,0.0,0.0,55,13.5,0.0
2024-04-26,15.1,23.8,8.6,0.0,0.0,0.0,59,14.2,0.0
2024-04-27,15.5,24.4,9.2,0.0,0.0,0.0,20,17.6,0.0
2024-04-28,17.5,26.7,10.3,0.0,0.0,0.0,79,11.8,0.0
2024-04-29,18.0,23.6,13.6,0.0,0.0,0.0,67,19.1,0.0
2024-04-30,16.0,22.2,11.4,0.0,0.0,0.0,97,18.9,0.0
2024-05-01,16.3,22.0,12.3,0.2,2.0,0.0,75,15.3,0.0
2024-05-02,16.1,22.9,9.5,0.0,0.0,0.0,0,18.3,0.0
2024-05-03,17.4,27.8,9.7,0.0,0.0,0.0,6,16.8,0.0
2024-05-04,19.1,27.1,12.0,0.0,0.0,0.0,41,21.0,0.0
2024-05-05,17.2,18.9,14.8,66.8,21.0,0.0,100,22.0,20.5
2024-05-06,13.7,14.6,12.9,6.2,21.0,0.0,100,21.5,0.30000000000000004
2024-05-07,13.1,15.2,11.7,1.9,9.0,0.0,100,22.4,0.0
2024-05-08,13.3,19.5,7.5,0.2,2.0,0.0,32,12.7,0.0
2024-05-09,14.0,19.5,8.1,0.0,0.0,0.0,16,21.4,0.0
2024-05-10,15.1,21.7,8.8,0.0,0.0,0.0,41,19.1,0.0
2024-05-11,15.8,21.6,11.5,16.2,12.0,0.0,79,35.7,10.8
2024-05-12,15.2,21.2,10.2,0.0,0.0,0.0,45,18.7,0.0
2024-05-13,16.0,22.4,10.2,0.0,0.0,0.0,0,18.1,0.0
2024-05-14,16.1,21.9,9.7,0.0,0.0,0.0,4,16.4,0.0
2024-05-15,12.3,18.1,6.6,22.7,11.0,0.0,64,22.0,11.6
2024-05-16,11.6,18.1,6.0,3.4,3.0,0.0,27,19.1,0.0
2024-05-17,15.0,22.1,7.0,0.0,0.0,0.0,49,15.5,0.0
2024-05-18,17.5,24.0,11.3,0.0,0.0,0.0,11,15.3,0.0
2024-05-19,18.1,25.3,11.8,0.0,0.0,0.0,22,14.7,0.0
2024-05-20,17.5,20.9,14.2,2.1,2.0,0.0,76,17.6,0.0
2024-05-21,18.9,25.5,13.8,0.0,0.0,0.0,53,10.4,0.0
2024-05-22,17.8,23.2,14.0,0.0,0.0,0.0,92,15.0,0.0
2024-05-23,17.6,24.0,13.3,0.0,0.0,0.0,48,18.1,0.0
2024-05-24,18.8,24.8,14.0,0.0,0.0,0.0,80,9.2,0.0
2024-05-25,19.9,24.8,17.7,0.0,0.0,0.0,98,16.1,0.0
2024-05-26,18.5,22.5,15.3,7.1,13.0,0.0,99,21.2,1.7
2024-05-27,17.6,22.9,12.6,0.0,0.0,0.0,57,25.2,0.0
2024-05-28,17.8,23.8,11.7,0.0,0.0,0.0,33,18.7,0.0
2024-05-29,18.8,25.5,12.9,0.0,0.0,0.0,34,17.9,0.0
2024-05-30,18.7,23.1,14.0,0.0,0.0,0.0,100,7.6,0.0
2024-05-31,18.7,23.4,13.5,0.3,1.0,0.0,32,21.2,0.3
2024-06-01,19.7,25.8,15.1,1.7,5.0,0.0,41,18.7,0.0
2024-06-02,19.0,26.0,12.3,0.0,0.0,0.0,14,20.2,0.0
2024-06-03,20.6,27.3,13.8,0.0,0.0,0.0,13,17.7,0.0
2024-06-04,21.2,29.3,13.8,0.0,0.0,0.0,9,21.4,0.0
2024-06-05,22.4,29.7,16.0,0.0,0.0,0.0,71,17.7,0.0
2024-06-06,22.5,29.5,17.1,0.2,1.0,0.0,65,14.5,0.2
2024-06-07,21.0,27.2,15.2,0.0,0.0,0.0,100,16.1,0.0
2024-06-08,19.4,23.7,16.7,15.8,13.0,0.0,70,14.5,0.0
2024-06-09,20.8,27.3,15.3,0.0,0.0,0.0,73,17.0,0.0
2024-06-10,22.4,29.5,16.0,0.0,0.0,0.0,17,20.1,0.0
2024-06-11,23.0,30.4,18.5,0.0,0.0,0.0,64,20.8,0.0
2024-06-12,23.2,30.6,15.7,0.0,0.0,0.0,56,19.1,0.0
2024-06-13,24.6,31.8,18.2,0.0,0.0,0.0,15,16.7,0.0
2024-06-14,24.9,32.9,18.1,0.0,0.0,0.0,64,21.0,0.0
2024-06-15,22.7,27.7,20.2,7.2,15.0,0.0,78,18.5,0.8999999999999999
2024-06-16,22.3,28.6,16.8,0.1,1.0,0.0,8,20.8,0.0
2024-06-17,22.3,28.8,16.6,0.0,0.0,0.0,68,19.5,0.0
2024-06-18,23.5,31.2,17.4,0.0,0.0,0.0,1,18.6,0.0
2024-06-19,26.2,34.7,18.0,0.0,0.0,0.0,52,13.0,0.0
2024-06-20,27.2,35.6,20.0,0.0,0.0,0.0,50,19.8,0.0
2024-06-21,26.4,32.6,21.3,0.0,0.0,0.0,94,18.2,0.0
2024-06-22,23.3,24.7,22.6,26.3,13.0,0.0,99,12.1,0.2
2024-06-23,24.0,28.6,20.7,7.2,9.0,0.0,78,21.9,2.8
2024-06-24,22.6,26.6,19.6,11.1,9.0,0.0,77,21.5,0.0
2024-06-25,20.9,24.9,16.2,1.0,3.0,0.0,53,22.9,0.0
2024-06-26,22.2,29.0,16.5,0.3,3.0,0.0,26,17.8,0.0
2024-06-27,24.5,30.1,18.9,0.0,0.0,0.0,49,7.0,0.0
2024-06-28,24.5,30.8,19.3,0.0,0.0,0.0,38,14.8,0.0
2024-06-29,25.4,32.7,19.4,34.5,6.0,0.0,62,20.6,25.6
2024-06-30,22.9,24.8,20.9,4.5,15.0,0.0,91,30.8,0.0
2024-07-01,24.1,29.8,20.3,0.0,0.0,0.0,75,16.0,0.0
2024-07-02,23.1,24.2,21.8,57.7,15.0,0.0,100,22.0,1.7
2024-07-03,24.1,26.5,22.6,5.5,20.0,0.0,69,26.9,1.2
2024-07-04,24.9,28.8,21.1,4.1,12.0,0.0,81,25.7,3.2
2024-07-05,23.1,24.8,21.1,1.9,12.0,0.0,87,31.4,0.0
2024-07-06,24.3,29.8,20.9,25.1,16.0,0.0,98,33.4,8.7
2024-07-07,23.4,27.3,19.3,18.1,7.0,0.0,97,17.6,16.8
2024-07-08,23.1,25.3,21.9,37.7,21.0,0.0,94,14.2,8.1
2024-07-09,23.2,26.4,20.5,8.3,11.0,0.0,100,20.5,3.5
2024-07-10,25.5,30.1,22.1,15.1,6.0,0.0,44,17.7,0.0
2024-07-11,23.6,27.1,21.2,0.4,3.0,0.0,71,13.9,0.0
2024-07-12,24.4,30.1,20.7,0.6,3.0,0.0,60,10.9,0.0
2024-07-13,25.8,31.1,21.8,5.6,6.0,0.0,32,11.8,0.1
2024-07-14,25.9,30.5,22.3,1.4,6.0,0.0,70,16.2,1.0
2024-07-15,26.4,30.8,22.0,0.3,3.0,0.0,46,13.7,0.1
2024-07-16,25.5,29.8,23.2,17.8,15.0,0.0,67,15.1,10.899999999999999
2024-07-17,24.7,26.9,22.3,89.6,24.0,0.0,98,22.4,2.6
2024-07-18,24.4,25.4,23.3,60.6,18.0,0.0,100,24.1,0.0
2024-07-19,25.2,29.0,23.1,1.2,8.0,0.0,81,17.7,0.0
2024-07-20,25.3,29.6,22.4,25.8,10.0,0.0,97,25.7,20.900000000000002
2024-07-21,25.5,29.0,22.7,7.4,15.0,0.0,69,37.1,0.0
2024-07-22,26.1,27.6,24.6,41.4,21.0,0.0,100,37.5,0.7999999999999999
2024-07-23,24.9,26.5,23.7,26.2,20.0,0.0,98,34.2,0.5
2024-07-24,25.9,30.5,23.7,3.4,14.0,0.0,84,19.6,0.6000000000000001
2024-07-25,27.2,31.9,23.1,5.5,6.0,0.0,87,11.7,0.0
2024-07-26,27.4,32.8,24.8,18.0,13.0,0.0,96,20.8,3.8
2024-07-27,27.0,30.0,25.2,39.4,20.0,0.0,91,15.5,0.4
2024-07-28,28.0,31.0,25.9,0.4,4.0,0.0,83,27.7,0.0
2024-07-29,26.6,28.3,25.3,2.1,11.0,0.0,90,28.9,0.0
2024-07-30,26.8,30.3,24.7,0.9,8.0,0.0,67,18.5,0.0
2024-07-31,27.4,31.3,24.7,0.7,7.0,0.0,58,15.8,0.0
2024-08-01,28.1,31.9,25.0,1.0,9.0,0.0,46,16.5,0.0
2024-08-02,27.4,30.1,25.3,11.1,9.0,0.0,62,18.1,0.0
2024-08-03,27.8,31.9,24.3,5.6,8.0,0.0,43,14.1,0.0
2024-08-04,28.9,33.4,24.1,0.0,0.0,0.0,6,7.2,0.0
2024-08-05,28.1,31.5,25.7,15.7,13.0,0.0,65,11.1,0.0
2024-08-06,27.7,31.0,24.9,3.2,9.0,0.0,62,10.1,0.0
2024-08-07,27.2,30.9,24.4,2.2,4.0,0.0,48,11.9,0.0
2024-08-08,26.4,29.4,23.2,6.5,9.0,0.0,85,11.2,0.0
2024-08-09,27.2,31.9,24.2,0.0,0.0,0.0,66,12.4,0.0
2024-08-10,27.8,32.1,24.2,0.0,0.0,0.0,75,9.2,0.0
2024-08-11,28.5,32.7,25.0,0.4,3.0,0.0,52,11.1,0.0
2024-08-12,29.0,32.3,25.9,0.4,3.0,0.0,24,6.8,0.0
2024-08-13,28.8,33.6,25.4,0.6,2.0,0.0,18,10.7,0.3
2024-08-14,28.4,32.7,25.3,0.1,1.0,0.0,21,11.7,0.0
2024-08-15,28.0,32.3,25.6,8.4,7.0,0.0,29,8.9,0.0
2024-08-16,28.2,31.8,24.9,0.1,1.0,0.0,14,7.7,0.0
2024-08-17,28.1,32.4,25.3,2.1,3.0,0.0,54,10.6,0.1
2024-08-18,27.1,32.3,24.2,21.2,10.0,0.0,63,11.5,3.8
2024-08-19,27.8,32.6,24.8,6.9,5.0,0.0,44,11.3,0.1
2024-08-20,28.8,34.0,25.6,10.1,8.0,0.0,67,11.9,1.4000000000000001
2024-08-21,26.4,28.7,25.3,71.5,24.0,0.0,100,28.3,11.3
2024-08-22,27.4,30.9,25.0,5.9,10.0,0.0,80,27.0,0.6000000000000001
2024-08-23,26.3,29.5,24.2,4.3,10.0,0.0,21,17.8,0.0
2024-08-24,25.8,29.5,22.5,0.8,3.0,0.0,47,11.1,0.0
2024-08-25,26.8,30.6,24.2,0.7,5.0,0.0,54,7.9,0.3
2024-08-26,26.4,29.3,23.4,0.8,3.0,0.0,97,9.3,0.0
2024-08-27,24.2,26.6,22.1,2.0,6.0,0.0,71,12.3,0.0
2024-08-28,26.1,31.4,20.9,0.0,0.0,0.0,1,18.3,0.0
2024-08-29,26.0,30.8,20.9,0.0,0.0,0.0,3,16.3,0.0
2024-08-30,26.0,31.2,21.2,0.0,0.0,0.0,2,13.0,0.0
2024-08-31,24.7,29.9,19.4,0.0,0.0,0.0,28,8.4,0.0
2024-09-01,24.5,28.3,20.8,0.0,0.0,0.0,57,13.5,0.0
2024-09-02,22.7,25.5,20.4,27.0,8.0,0.0,88,18.7,0.0
2024-09-03,24.2,29.3,20.5,0.0,0.0,0.0,29,14.3,0.0
2024-09-04,24.6,29.9,19.9,0.0,0.0,0.0,15,12.4,0.0
2024-09-05,24.8,27.5,22.6,2.0,5.0,0.0,73,25.1,0.0
2024-09-06,23.7,25.9,21.5,1.7,3.0,0.0,90,18.8,0.2
2024-09-07,24.3,29.1,21.1,1.7,5.0,0.0,46,11.0,0.0
2024-09-08,24.6,29.9,20.1,0.0,0.0,0.0,10,9.4,0.0
2024-09-09,26.4,31.2,22.3,0.0,0.0,0.0,17,8.8,0.0
2024-09-10,27.0,31.4,23.4,0.4,3.0,0.0,8,11.5,0.0
2024-09-11,26.9,32.7,22.7,8.3,6.0,0.0,24,17.8,2.2
2024-09-12,24.7,25.3,24.0,28.4,21.0,0.0,100,10.2,5.5
2024-09-13,24.9,27.6,23.4,17.2,24.0,0.0,97,11.4,2.6
2024-09-14,25.8,29.3,23.5,1.6,11.0,0.0,56,12.6,0.0
2024-09-15,25.3,29.8,22.2,0.6,5.0,0.0,26,21.3,0.0
2024-09-16,25.4,31.0,20.5,0.7,4.0,0.0,27,15.5,0.0
2024-09-17,27.2,30.8,24.7,5.6,5.0,0.0,48,11.7,0.0
2024-09-18,26.6,29.7,23.7,10.9,12.0,0.0,69,11.0,9.2
2024-09-19,26.4,29.4,24.5,1.5,7.0,0.0,91,7.8,0.0
2024-09-20,24.2,26.9,16.9,69.6,20.0,0.0,88,24.4,9.3
2024-09-21,19.0,21.7,17.1,28.3,14.0,0.0,100,26.4,0.0
2024-09-22,19.9,23.6,17.3,0.3,3.0,0.0,61,16.7,0.0
2024-09-23,18.8,23.7,14.8,0.0,0.0,0.0,10,14.7,0.0
2024-09-24,18.2,23.5,13.7,0.0,0.0,0.0,29,10.1,0.0
2024-09-25,20.7,25.9,16.1,0.5,5.0,0.0,45,10.3,0.2
2024-09-26,21.3,26.0,18.6,3.4,6.0,0.0,51,12.5,0.0
2024-09-27,21.0,26.0,16.4,0.3,3.0,0.0,52,14.2,0.0
2024-09-28,21.3,26.0,17.8,0.0,0.0,0.0,13,17.5,0.0
2024-09-29,21.4,26.5,17.8,0.0,0.0,0.0,43,13.2,0.0
2024-09-30,20.3,25.4,15.8,0.0,0.0,0.0,66,9.3,0.0
2024-10-01,17.2,20.2,12.2,5.8,7.0,0.0,73,19.8,0.0
2024-10-02,12.9,17.9,9.6,0.0,0.0,0.0,22,13.3,0.0
2024-10-03,13.6,20.1,7.8,0.0,0.0,0.0,25,13.7,0.0
2024-10-04,14.4,20.9,8.5,0.0,0.0,0.0,0,10.8,0.0
2024-10-05,14.4,21.1,8.7,0.0,0.0,0.0,68,9.5,0.0
2024-10-06,13.3,16.7,9.0,0.1,1.0,0.0,94,9.0,0.0
2024-10-07,15.5,19.8,12.2,0.0,0.0,0.0,93,10.5,0.0
2024-10-08,15.5,20.5,9.9,0.5,5.0,0.0,30,9.8,0.1
2024-10-09,16.5,21.9,11.8,0.0,0.0,0.0,53,10.9,0.0
2024-10-10,16.5,21.0,12.7,0.3,2.0,0.0,42,8.1,0.0
2024-10-11,15.8,21.6,11.1,0.0,0.0,0.0,10,8.9,0.0
2024-10-12,15.1,20.8,9.8,0.0,0.0,0.0,17,8.9,0.0
2024-10-13,15.8,22.3,10.0,0.0,0.0,0.0,79,10.3,0.0
2024-10-14,17.7,21.1,15.2,0.2,2.0,0.0,97,10.7,0.0
2024-10-15,17.4,21.5,14.6,2.3,3.0,0.0,74,8.7,0.0
2024-10-16,15.6,21.2,12.6,0.0,0.0,0.0,58,9.0,0.0
2024-10-17,16.5,23.2,10.3,0.0,0.0,0.0,63,8.8,0.0
2024-10-18,16.1,18.5,15.2,41.1,14.0,0.0,99,16.3,4.2
2024-10-19,15.7,20.5,11.5,9.5,5.0,0.0,68,23.4,0.0
2024-10-20,12.1,16.8,9.0,0.0,0.0,0.0,11,21.2,0.0
2024-10-21,12.4,17.2,7.7,0.8,3.0,0.0,93,13.7,0.1
2024-10-22,14.9,16.6,12.9,13.7,15.0,0.0,100,17.2,4.5
2024-10-23,11.9,15.0,7.2,0.8,3.0,0.0,52,28.2,0.0
2024-10-24,10.6,16.5,4.6,0.0,0.0,0.0,0,11.4,0.0
2024-10-25,11.9,19.4,6.1,0.0,0.0,0.0,54,10.3,0.0
2024-10-26,14.7,21.5,9.5,0.0,0.0,0.0,48,9.4,0.0
2024-10-27,14.5,17.8,11.8,0.1,1.0,0.0,99,8.5,0.0
2024-10-28,14.0,19.1,9.4,0.1,1.0,0.0,75,18.5,0.0
2024-10-29,13.1,16.9,9.1,0.2,1.0,0.0,64,10.7,0.0
2024-10-30,13.3,18.3,8.8,0.0,0.0,0.0,14,10.4,0.0
2024-10-31,12.7,19.5,7.7,0.0,0.0,0.0,20,11.4,0.0
2024-11-01,12.6,17.2,8.9,0.0,0.0,0.0,100,8.9,0.0
2024-11-02,15.6,22.6,10.2,0.0,0.0,0.0,34,11.7,0.0
2024-11-03,14.6,20.9,9.3,1.1,4.0,0.0,29,15.9,0.4
2024-11-04,13.3,16.9,7.8,1.1,7.0,0.0,82,21.9,0.0
2024-11-05,8.1,12.9,4.9,0.0,0.0,0.0,52,19.4,0.0
2024-11-06,5.3,9.8,1.7,0.0,0.0,0.0,0,13.4,0.0
2024-11-07,5.0,11.6,-0.3,0.0,0.0,0.0,0,11.1,0.0
2024-11-08,6.5,14.6,-0.5,0.0,0.0,0.0,3,12.3,0.0
2024-11-09,9.7,17.2,4.2,0.0,0.0,0.0,45,10.6,0.0
2024-11-10,10.9,17.3,7.5,0.0,0.0,0.0,52,11.1,0.0
2024-11-11,12.0,17.7,8.5,0.0,0.0,0.0,18,8.2,0.0
2024-11-12,11.3,16.6,6.9,0.0,0.0,0.0,28,10.9,0.0
2024-11-13,11.7,18.2,6.5,0.0,0.0,0.0,23,7.5,0.0
2024-11-14,12.6,15.4,9.9,0.2,1.0,0.0,76,7.6,0.2
2024-11-15,14.1,18.4,11.4,0.0,0.0,0.0,64,7.9,0.0
2024-11-16,15.4,20.2,12.7,5.7,6.0,0.0,80,13.8,3.1
2024-11-17,6.8,13.1,2.4,0.1,1.0,0.0,58,17.8,0.0
2024-11-18,1.7,5.5,-1.4,0.0,0.0,0.0,18,16.9,0.0
2024-11-19,2.4,6.9,-0.9,0.0,0.0,0.0,75,5.8,0.0
2024-11-20,4.8,9.4,0.9,0.0,0.0,0.0,64,6.6,0.0
2024-11-21,7.4,12.9,3.5,1.1,5.0,0.0,45,15.3,0.0
2024-11-22,5.2,9.1,1.8,0.0,0.0,0.0,0,12.4,0.0
2024-11-23,4.2,9.8,-0.5,0.0,0.0,0.0,21,6.5,0.0
2024-11-24,5.4,10.9,1.0,0.0,0.0,0.0,9,6.3,0.0
2024-11-25,8.0,14.1,1.9,0.0,0.0,0.0,72,18.1,0.0
2024-11-26,6.7,11.1,1.6,21.3,17.0,0.91,82,21.3,0.0
2024-11-27,-0.7,1.2,-2.3,10.9,14.0,7.35,86,8.9,0.0
2024-11-28,-1.9,1.1,-5.2,0.7,4.0,0.49,52,7.4,0.0
2024-11-29,-2.8,0.9,-7.8,0.0,0.0,0.0,47,9.2,0.0
2024-11-30,0.0,4.0,-4.5,0.0,0.0,0.0,32,9.2,0.0
2024-12-01,1.1,4.7,-2.9,0.3,3.0,0.0,86,8.1,0.2
2024-12-02,5.4,12.5,-0.4,0.2,1.0,0.0,22,15.9,0.0
2024-12-03,-1.1,2.3,-4.3,0.0,0.0,0.0,66,11.0,0.0
2024-12-04,0.3,3.8,-2.1,0.0,0.0,0.0,5,10.9,0.0
2024-12-05,1.4,6.6,-1.9,0.0,0.0,0.0,28,16.2,0.0
2024-12-06,0.1,3.3,-2.6,0.0,0.0,0.0,2,16.3,0.0
2024-12-07,-1.7,1.6,-3.5,0.0,0.0,0.0,12,13.7,0.0
2024-12-08,-2.0,2.2,-4.9,0.0,0.0,0.0,0,12.9,0.0
2024-12-09,-1.2,3.7,-4.5,0.0,0.0,0.0,19,5.1,0.0
2024-12-10,0.3,5.1,-2.5,0.0,0.0,0.0,34,10.9,0.0
2024-12-11,0.4,5.1,-2.3,0.0,0.0,0.0,75,9.3,0.0
2024-12-12,-1.5,2.8,-4.6,0.0,0.0,0.0,45,8.6,0.0
2024-12-13,-0.5,2.9,-2.3,0.0,0.0,0.0,73,12.2,0.0
2024-12-14,-2.3,0.9,-5.0,0.0,0.0,0.0,5,12.6,0.0
2024-12-15,-0.1,4.4,-2.7,0.0,0.0,0.0,37,16.2,0.0
2024-12-16,-1.3,2.6,-3.8,0.0,0.0,0.0,38,11.2,0.0
2024-12-17,-2.0,0.8,-4.0,0.0,0.0,0.0,23,12.0,0.0
2024-12-18,-4.3,-1.2,-6.8,0.0,0.0,0.0,0,9.5,0.0
2024-12-19,-3.2,1.7,-6.5,0.0,0.0,0.0,30,5.2,0.0
2024-12-20,-0.8,2.7,-3.3,0.8,3.0,0.56,91,6.7,0.1
2024-12-21,-1.5,0.8,-6.2,0.7,6.0,0.49,45,18.0,0.0
2024-12-22,-5.9,-2.0,-8.7,0.0,0.0,0.0,0,13.0,0.0
2024-12-23,-3.5,3.3,-9.5,0.0,0.0,0.0,18,10.3,0.0
2024-12-24,-2.9,1.1,-6.6,0.0,0.0,0.0,21,8.5,0.0
2024-12-25,-0.1,4.2,-4.9,0.3,2.0,0.0,95,11.4,0.1
2024-12-26,-1.5,1.7,-5.2,0.0,0.0,0.0,12,17.0,0.0
2024-12-27,-3.5,0.3,-6.0,0.0,0.0,0.0,28,14.3,0.0
2024-12-28,-3.9,-0.2,-6.7,0.0,0.0,0.0,15,18.2,0.0
2024-12-29,-1.4,3.1,-5.3,0.0,0.0,0.0,33,5.8,0.0
2024-12-30,3.2,8.5,-0.9,0.3,2.0,0.0,77,21.7,0.0
2024-12-31,-1.1,2.1,-3.6,0.1,1.0,0.0,0,14.1,0.0
2025-01-01,0.7,6.8,-3.4,0.0,0.0,0.0,25,13.9,0.0
2025-01-02,-1.1,4.2,-4.1,0.0,0.0,0.0,27,10.7,0.0
2025-01-03,-2.6,1.1,-5.5,0.0,0.0,0.0,7,13.6,0.0
2025-01-04,-1.9,2.8,-5.4,0.0,0.0,0.0,10,8.6,0.0
2025-01-05,0.5,3.1,-1.7,7.1,13.0,4.48,85,11.6,0.4
2025-01-06,-1.6,1.3,-5.2,3.1,5.0,1.89,59,15.9,0.0
2025-01-07,-4.6,-0.1,-10.0,0.0,0.0,0.0,8,17.7,0.0
2025-01-08,-4.2,0.1,-6.8,0.0,0.0,0.0,22,15.8,0.0
2025-01-09,-10.6,-7.4,-12.4,0.0,0.0,0.0,3,22.3,0.0
2025-01-10,-8.7,-3.7,-12.4,0.0,0.0,0.0,2,9.3,0.0
2025-01-11,-6.3,-2.4,-10.1,0.0,0.0,0.0,10,6.6,0.0
2025-01-12,-3.8,1.1,-7.6,0.0,0.0,0.0,26,7.7,0.0
2025-01-13,-1.2,4.0,-5.0,0.7,3.0,0.56,65,14.0,0.1
2025-01-14,0.9,5.3,-2.4,0.5,5.0,0.0,61,13.5,0.0
2025-01-15,-4.3,-2.5,-6.1,0.0,0.0,0.0,2,15.5,0.0
2025-01-16,-1.6,2.3,-5.1,0.1,1.0,0.07,75,15.6,0.1
2025-01-17,-2.7,3.2,-6.9,0.0,0.0,0.0,4,7.4,0.0
2025-01-18,-1.0,4.5,-4.2,0.0,0.0,0.0,38,5.4,0.0
2025-01-19,0.7,6.2,-2.9,0.0,0.0,0.0,68,7.8,0.0
2025-01-20,1.4,4.9,-1.0,0.1,1.0,0.0,68,8.0,0.0
2025-01-21,0.1,5.1,-2.9,0.0,0.0,0.0,40,5.9,0.0
2025-01-22,0.8,4.7,-2.0,0.2,2.0,0.0,72,6.9,0.0
2025-01-23,-0.6,4.5,-3.6,0.0,0.0,0.0,0,7.6,0.0
2025-01-24,0.6,7.4,-3.2,0.0,0.0,0.0,0,6.9,0.0
2025-01-25,2.6,7.9,-0.5,0.0,0.0,0.0,15,14.4,0.0
2025-01-26,2.1,5.7,-0.8,0.0,0.0,0.0,95,10.3,0.0
2025-01-27,-0.8,1.8,-4.5,5.3,16.0,3.36,72,19.2,0.0
2025-01-28,-5.4,-4.5,-6.3,0.1,1.0,0.07,90,21.1,0.0
2025-01-29,-6.7,-4.5,-9.0,0.0,0.0,0.0,66,18.4,0.0
2025-01-30,-5.1,-1.4,-8.8,0.0,0.0,0.0,74,9.6,0.0
2025-01-31,-1.9,-0.2,-3.9,2.1,14.0,1.47,99,6.0,0.7000000000000001
2025-02-01,0.3,7.1,-4.7,0.0,0.0,0.0,65,7.7,0.0
2025-02-02,0.0,5.1,-3.7,0.0,0.0,0.0,74,9.0,0.0
2025-02-03,-5.4,-0.9,-9.1,0.0,0.0,0.0,19,20.9,0.0
2025-02-04,-10.2,-6.7,-13.7,0.0,0.0,0.0,4,21.1,0.0
2025-02-05,-9.1,-4.6,-11.9,0.0,0.0,0.0,31,22.8,0.0
2025-02-06,-6.5,-1.2,-11.6,1.0,2.0,0.7,33,16.9,0.0
2025-02-07,-9.7,-8.3,-11.9,0.9,4.0,0.63,42,25.8,0.0
2025-02-08,-9.0,-4.2,-12.8,0.0,0.0,0.0,5,17.2,0.0
2025-02-09,-6.7,-1.0,-11.3,0.0,0.0,0.0,1,11.4,0.0
2025-02-10,-5.1,0.4,-9.6,0.2,2.0,0.14,44,12.2,0.0
2025-02-11,-2.1,4.6,-8.1,0.0,0.0,0.0,30,7.6,0.0
2025-02-12,-0.4,2.4,-3.8,2.3,12.0,1.47,87,21.1,0.0
2025-02-13,-1.3,4.1,-7.0,0.0,0.0,0.0,0,16.6,0.0
2025-02-14,1.6,8.0,-2.4,0.0,0.0,0.0,18,10.7,0.0
2025-02-15,1.2,6.4,-2.9,0.0,0.0,0.0,85,12.4,0.0
2025-02-16,2.4,8.5,-1.4,0.0,0.0,0.0,43,17.4,0.0
2025-02-17,-1.6,1.8,-4.0,0.0,0.0,0.0,4,18.5,0.0
2025-02-18,-3.0,0.9,-5.4,0.0,0.0,0.0,1,19.8,0.0
2025-02-19,-3.8,0.2,-7.0,0.0,0.0,0.0,0,16.5,0.0
2025-02-20,-3.4,1.1,-6.3,0.0,0.0,0.0,0,16.4,0.0
2025-02-21,-3.2,1.6,-6.4,0.0,0.0,0.0,5,16.1,0.0
2025-02-22,-3.0,1.5,-6.0,0.0,0.0,0.0,4,13.9,0.0
2025-02-23,-3.9,0.1,-6.4,0.0,0.0,0.0,4,19.6,0.0
2025-02-24,-2.1,3.5,-5.7,0.0,0.0,0.0,0,13.6,0.0
2025-02-25,1.1,5.5,-2.8,0.1,1.0,0.0,56,22.2,0.1
2025-02-26,1.4,7.1,-3.5,0.0,0.0,0.0,2,15.2,0.0
2025-02-27,2.9,10.7,-2.9,0.0,0.0,0.0,18,7.3,0.0
2025-02-28,4.5,9.4,0.8,0.0,0.0,0.0,66,7.8,0.0
2025-03-01,3.9,10.4,-0.6,2.6,2.0,0.0,88,9.1,0.0
2025-03-02,5.2,12.1,1.5,15.2,8.0,0.0,84,23.5,9.5
2025-03-03,1.5,4.8,-0.7,9.8,8.0,4.41,90,23.0,0.0
2025-03-04,1.1,2.7,-0.4,3.3,7.0,2.24,94,17.7,0.0
2025-03-05,2.9,6.6,0.9,0.0,0.0,0.0,72,10.9,0.0
2025-03-06,3.1,8.9,-1.9,0.0,0.0,0.0,14,11.5,0.0
2025-03-07,2.7,8.3,-2.6,0.0,0.0,0.0,63,8.1,0.0
2025-03-08,4.1,8.6,0.7,0.0,0.0,0.0,55,11.4,0.0
2025-03-09,3.9,10.3,-1.9,0.0,0.0,0.0,33,7.2,0.0
2025-03-10,5.1,12.3,-1.0,0.0,0.0,0.0,13,12.8,0.0
2025-03-11,6.2,13.2,-0.4,0.0,0.0,0.0,38,9.1,0.0
2025-03-12,6.8,10.8,3.5,0.1,1.0,0.0,97,15.6,0.0
2025-03-13,7.2,13.6,1.1,0.0,0.0,0.0,90,10.4,0.0
2025-03-14,10.0,16.9,3.2,0.0,0.0,0.0,44,10.1,0.0
2025-03-15,9.6,15.1,4.9,0.4,1.0,0.0,82,16.3,0.0
2025-03-16,4.4,7.8,0.3,1.3,8.0,0.0,74,24.1,0.0
2025-03-17,0.9,4.9,-3.5,0.3,2.0,0.21,56,15.1,0.0
2025-03-18,0.8,4.1,-1.6,2.8,10.0,1.89,77,18.6,0.0
2025-03-19,0.7,5.3,-3.9,0.0,0.0,0.0,4,13.8,0.0
2025-03-20,5.2,13.1,-1.3,0.0,0.0,0.0,1,17.2,0.0
2025-03-21,8.4,15.6,3.1,0.0,0.0,0.0,3,13.4,0.0
2025-03-22,10.1,17.0,4.6,0.0,0.0,0.0,0,15.0,0.0
2025-03-23,12.1,21.3,4.4,0.0,0.0,0.0,35,11.9,0.0
2025-03-24,12.8,18.6,9.3,0.8,1.0,0.0,63,16.8,0.0
2025-03-25,10.7,20.4,7.2,0.3,1.0,0.0,68,26.5,0.0
2025-03-26,13.0,22.9,3.6,0.0,0.0,0.0,43,10.3,0.0
2025-03-27,13.0,19.7,7.3,5.1,6.0,0.0,97,19.2,0.0
2025-03-28,6.2,11.1,2.3,0.0,0.0,0.0,52,21.8,0.0
2025-03-29,2.2,6.5,-1.0,2.4,4.0,1.47,25,23.5,0.0
2025-03-30,1.8,6.2,-3.0,0.4,4.0,0.28,28,21.2,0.0
2025-03-31,5.2,12.0,-1.0,0.0,0.0,0.0,19,12.7,0.0
2025-04-01,8.0,15.1,1.4,0.0,0.0,0.0,4,10.0,0.0
2025-04-02,7.0,13.4,2.8,0.8,4.0,0.0,58,15.8,0.5
2025-04-03,8.0,15.4,1.4,0.0,0.0,0.0,4,15.0,0.0
2025-04-04,9.2,14.4,4.6,0.0,0.0,0.0,55,12.5,0.0
2025-04-05,7.1,9.0,5.4,14.4,17.0,0.0,95,9.3,0.2
2025-04-06,8.2,13.7,4.2,0.0,0.0,0.0,30,16.0,0.0
2025-04-07,10.8,18.8,3.4,0.0,0.0,0.0,4,15.1,0.0
2025-04-08,12.0,17.7,6.5,0.0,0.0,0.0,12,15.8,0.0
2025-04-09,10.6,17.0,5.7,0.8,3.0,0.0,89,13.5,0.1
2025-04-10,11.6,18.9,5.4,0.2,2.0,0.0,25,11.7,0.0
2025-04-11,14.4,22.7,6.1,0.0,0.0,0.0,16,9.1,0.0
2025-04-12,13.7,23.4,1.7,14.6,8.0,2.1,100,18.3,8.3
2025-04-13,4.1,6.9,1.0,9.7,12.0,4.69,75,29.2,0.0
2025-04-14,4.5,8.4,2.0,11.8,17.0,2.17,87,16.9,0.4
2025-04-15,6.2,12.8,0.0,0.0,0.0,0.0,21,16.5,0.0
2025-04-16,11.7,20.4,4.0,0.1,1.0,0.0,72,12.2,0.0
2025-04-17,17.1,23.2,11.7,0.1,1.0,0.0,63,17.2,0.0
2025-04-18,16.0,21.3,12.8,0.0,0.0,0.0,71,11.7,0.0
2025-04-19,13.6,17.9,10.5,22.4,14.0,0.0,100,20.4,6.2
2025-04-20,15.1,22.0,10.0,0.0,0.0,0.0,51,5.9,0.0
2025-04-21,17.9,24.5,11.8,0.0,0.0,0.0,38,11.6,0.0
2025-04-22,16.5,17.7,14.9,28.5,16.0,0.0,78,10.1,0.0
2025-04-23,14.9,21.0,9.2,0.0,0.0,0.0,40,8.7,0.0
2025-04-24,12.7,17.7,8.6,0.0,0.0,0.0,28,18.0,0.0
2025-04-25,10.6,16.0,5.8,0.0,0.0,0.0,2,20.0,0.0
2025-04-26,11.4,16.7,5.7,0.0,0.0,0.0,2,15.1,0.0
2025-04-27,12.5,17.1,8.2,0.0,0.0,0.0,97,16.2,0.0
2025-04-28,12.7,18.9,7.8,0.0,0.0,0.0,13,20.7,0.0
2025-04-29,12.2,18.0,6.7,0.0,0.0,0.0,6,11.9,0.0
2025-04-30,15.6,23.4,8.5,0.0,0.0,0.0,42,15.4,0.0
2025-05-01,13.0,14.6,10.5,18.4,9.0,0.0,77,15.7,0.0
2025-05-02,12.2,17.6,7.3,0.0,0.0,0.0,50,18.5,0.0
2025-05-03,10.5,13.0,9.0,10.0,16.0,0.0,71,16.8,0.0
2025-05-04,12.1,17.6,7.5,0.0,0.0,0.0,3,22.8,0.0
2025-05-05,10.8,13.6,7.2,0.4,2.0,0.0,77,9.8,0.0
2025-05-06,12.7,18.3,6.7,0.0,0.0,0.0,43,11.1,0.0
2025-05-07,13.0,18.3,8.2,0.1,1.0,0.0,30,11.0,0.0
2025-05-08,15.3,22.5,8.5,0.0,0.0,0.0,78,10.3,0.0
2025-05-09,14.2,15.2,13.4,31.2,17.0,0.0,100,20.0,7.4
2025-05-10,12.4,14.3,10.9,8.7,17.0,0.0,83,18.4,0.1
2025-05-11,13.6,19.1,8.9,0.0,0.0,0.0,59,11.2,0.0
2025-05-12,15.2,21.2,8.7,0.0,0.0,0.0,1,12.1,0.0
2025-05-13,18.0,24.1,13.1,0.0,0.0,0.0,94,13.1,0.0
2025-05-14,18.9,25.7,12.3,0.4,2.0,0.0,56,13.4,0.0
2025-05-15,18.2,22.7,15.7,3.6,10.0,0.0,100,13.4,0.0
2025-05-16,18.3,23.0,15.8,18.5,15.0,0.0,100,11.2,2.0
2025-05-17,17.5,23.2,14.2,4.0,6.0,0.0,70,20.8,3.3
2025-05-18,14.1,19.5,9.8,0.0,0.0,0.0,52,14.5,0.0
2025-05-19,15.1,19.6,9.9,0.2,2.0,0.0,77,17.9,0.0
2025-05-20,20.5,25.5,16.3,0.6,5.0,0.0,92,17.3,0.1
2025-05-21,23.5,29.5,19.1,0.1,1.0,0.0,94,13.6,0.0
2025-05-22,21.9,26.8,18.4,0.2,2.0,0.0,61,10.5,0.0
2025-05-23,19.6,23.9,14.7,2.3,2.0,0.0,100,12.9,0.0
2025-05-24,15.2,17.5,13.6,0.8,5.0,0.0,75,14.0,0.0
2025-05-25,16.0,21.1,10.7,0.0,0.0,0.0,6,13.1,0.0
2025-05-26,18.6,25.9,12.2,0.0,0.0,0.0,80,11.6,0.0
2025-05-27,19.9,27.0,13.5,0.2,1.0,0.0,26,10.5,0.0
2025-05-28,19.4,26.4,14.3,2.6,3.0,0.0,31,9.2,0.0
2025-05-29,20.6,26.5,14.6,0.6,2.0,0.0,28,11.2,0.2
2025-05-30,22.6,28.5,16.4,0.0,0.0,0.0,5,10.5,0.0
2025-05-31,22.1,28.8,16.6,0.0,0.0,0.0,89,12.5,0.0
2025-06-01,22.6,29.5,16.6,0.0,0.0,0.0,55,13.7,0.0
2025-06-02,20.8,23.9,19.1,0.7,4.0,0.0,100,6.5,0.0
2025-06-03,20.7,25.3,16.9,0.5,1.0,0.0,21,21.0,0.0
2025-06-04,20.3,25.1,15.2,0.0,0.0,0.0,8,26.0,0.0
2025-06-05,21.3,27.2,15.3,0.0,0.0,0.0,44,14.5,0.0
2025-06-06,23.5,29.9,18.7,0.0,0.0,0.0,81,18.1,0.0
2025-06-07,22.9,27.8,18.8,1.0,1.0,0.0,91,17.1,0.0
2025-06-08,24.6,31.0,20.3,0.9,4.0,0.0,72,14.2,0.0
2025-06-09,23.4,29.8,19.6,0.1,1.0,0.0,87,14.0,0.0
2025-06-10,21.2,25.2,19.0,1.9,6.0,0.0,88,15.3,0.0
2025-06-11,22.0,28.0,16.1,0.0,0.0,0.0,30,16.7,0.0
2025-06-12,25.1,33.1,18.0,0.0,0.0,0.0,56,16.9,0.0
2025-06-13,23.9,28.7,20.2,1.1,5.0,0.0,99,11.8,0.2
2025-06-14,25.1,33.0,19.7,0.6,2.0,0.0,54,14.8,0.0
2025-06-15,25.4,32.9,19.5,9.7,4.0,0.0,74,17.9,1.3
2025-06-16,22.7,26.0,20.6,8.0,15.0,0.0,73,17.3,0.0
2025-06-17,23.6,28.1,19.6,0.0,0.0,0.0,55,14.1,0.0
2025-06-18,24.6,30.0,20.1,0.0,0.0,0.0,45,11.5,0.0
2025-06-19,26.9,34.6,21.2,1.5,4.0,0.0,76,16.7,0.4
2025-06-20,23.0,25.2,21.7,51.7,21.0,0.0,100,28.4,5.1
2025-06-21,21.2,23.8,19.8,1.8,8.0,0.0,100,13.4,0.0
2025-06-22,21.4,25.8,17.0,0.0,0.0,0.0,20,11.8,0.0
2025-06-23,23.5,29.3,17.9,0.0,0.0,0.0,33,5.9,0.0
2025-06-24,24.0,27.4,21.3,0.9,2.0,0.0,98,12.5,0.5
2025-06-25,20.9,23.7,19.3,8.1,16.0,0.0,99,11.3,1.6
2025-06-26,21.8,24.5,19.5,0.4,4.0,0.0,98,10.6,0.0
2025-06-27,23.1,27.5,19.4,1.1,4.0,0.0,77,5.7,0.0
2025-06-28,24.8,28.6,22.2,8.2,15.0,0.0,82,9.7,0.0
2025-06-29,25.8,29.4,23.2,1.0,9.0,0.0,70,12.1,0.0
2025-06-30,26.3,29.6,23.5,1.4,13.0,0.0,93,15.3,0.0
2025-07-01,26.3,29.2,24.4,9.7,11.0,0.0,82,14.4,0.1
2025-07-02,26.1,28.9,24.7,1.1,10.0,0.0,98,15.3,0.0
2025-07-03,26.5,30.2,24.4,0.8,6.0,0.0,96,14.1,0.0
2025-07-04,26.0,29.3,23.9,0.6,6.0,0.0,89,15.2,0.0
2025-07-05,26.8,30.7,24.2,0.5,4.0,0.0,90,13.4,0.0
2025-07-06,27.2,31.6,24.4,0.6,6.0,0.0,92,11.7,0.0
2025-07-07,27.9,33.2,24.7,1.4,7.0,0.0,59,10.9,0.0
2025-07-08,30.0,35.5,25.3,0.2,2.0,0.0,14,7.3,0.2
2025-07-09,30.8,35.9,26.2,0.0,0.0,0.0,11,13.3,0.0
2025-07-10,30.7,36.7,25.7,0.0,0.0,0.0,26,17.7,0.0
2025-07-11,29.4,36.5,22.6,0.0,0.0,0.0,3,15.8,0.0
2025-07-12,30.3,37.0,23.3,0.0,0.0,0.0,28,10.9,0.0
2025-07-13,27.3,31.2,24.3,2.8,4.0,0.0,100,9.7,0.0
2025-07-14,23.7,28.9,21.1,24.5,17.0,0.0,79,11.2,13.5
2025-07-15,22.2,24.5,21.0,11.6,13.0,0.0,90,12.1,0.0
2025-07-16,22.4,24.5,21.0,36.7,18.0,0.0,98,22.9,14.4
2025-07-17,23.4,26.8,21.9,25.9,19.0,0.0,100,20.0,13.099999999999998
2025-07-18,24.0,27.4,21.9,42.3,24.0,0.0,98,13.5,2.8000000000000003
2025-07-19,23.8,28.0,21.7,43.4,23.0,0.0,95,17.5,1.6
2025-07-20,26.5,30.4,23.0,22.4,8.0,0.0,75,16.0,0.0
2025-07-21,26.9,29.9,24.7,0.9,7.0,0.0,58,14.0,0.0
2025-07-22,26.9,30.5,23.8,6.7,14.0,0.0,90,11.5,0.0
2025-07-23,27.3,31.2,23.7,0.0,0.0,0.0,68,7.9,0.0
2025-07-24,27.9,32.3,23.9,0.0,0.0,0.0,51,8.1,0.0
2025-07-25,29.8,35.7,24.1,0.0,0.0,0.0,13,5.1,0.0
2025-07-26,32.1,37.8,27.2,0.0,0.0,0.0,74,10.4,0.0
2025-07-27,32.8,38.4,27.8,1.1,4.0,0.0,10,9.9,0.1
2025-07-28,31.9,36.8,27.7,0.0,0.0,0.0,7,10.1,0.0
2025-07-29,32.5,38.5,27.6,1.3,3.0,0.0,25,8.6,0.4
2025-07-30,32.2,38.0,27.8,0.0,0.0,0.0,96,11.3,0.0
2025-07-31,31.7,35.7,28.2,0.0,0.0,0.0,99,9.6,0.0
2025-08-01,31.3,36.4,27.1,0.1,1.0,0.0,95,9.8,0.0
2025-08-02,31.2,36.3,26.9,0.0,0.0,0.0,76,11.8,0.0
2025-08-03,30.0,33.3,25.5,0.7,2.0,0.0,96,14.4,0.2
2025-08-04,26.9,32.3,22.2,4.5,4.0,0.0,59,13.2,0.0
2025-08-05,27.0,30.7,23.8,0.0,0.0,0.0,47,13.0,0.0
2025-08-06,25.8,28.9,24.6,13.0,15.0,0.0,88,17.3,0.0
2025-08-07,26.3,30.0,22.7,0.8,2.0,0.0,13,11.7,0.0
2025-08-08,25.6,29.6,21.7,0.3,2.0,0.0,81,7.8,0.0
2025-08-09,24.3,26.3,22.7,5.2,12.0,0.0,74,7.1,0.3
2025-08-10,25.6,30.4,20.9,0.0,0.0,0.0,28,7.7,0.0
2025-08-11,25.4,28.2,23.4,0.2,2.0,0.0,75,7.3,0.0
2025-08-12,26.6,32.0,21.8,0.0,0.0,0.0,44,10.9,0.0
2025-08-13,24.7,27.2,22.9,51.9,21.0,0.0,98,18.2,1.6
2025-08-14,24.9,27.4,23.2,36.3,16.0,0.0,88,13.1,0.0
2025-08-15,26.4,30.1,23.6,1.3,6.0,0.0,52,12.5,0.0
2025-08-16,26.9,30.7,24.5,0.3,3.0,0.0,68,14.0,0.0
2025-08-17,26.6,30.2,23.8,1.1,6.0,0.0,89,11.4,0.0
2025-08-18,27.2,30.7,24.6,1.1,8.0,0.0,80,15.7,0.0
2025-08-19,27.4,30.4,25.4,1.9,11.0,0.0,66,16.1,0.0
2025-08-20,27.4,30.9,24.5,3.5,14.0,0.0,73,12.2,0.0
2025-08-21,28.2,32.0,25.5,0.6,4.0,0.0,75,8.7,0.0
2025-08-22,28.1,32.1,24.8,0.0,0.0,0.0,55,12.6,0.0
2025-08-23,29.0,33.4,25.1,0.9,4.0,0.0,21,10.6,0.0
2025-08-24,30.0,35.2,25.8,0.4,2.0,0.0,17,10.2,0.0
2025-08-25,28.5,33.0,24.8,19.0,15.0,0.0,52,14.0,4.2
2025-08-26,25.9,29.5,23.6,13.9,16.0,0.0,70,15.1,0.0
2025-08-27,25.8,30.4,22.2,0.0,0.0,0.0,79,8.8,0.0
2025-08-28,26.5,30.1,23.9,1.4,5.0,0.0,99,11.8,0.4
2025-08-29,27.1,30.6,23.8,31.5,22.0,0.0,82,17.3,5.4
2025-08-30,26.8,31.0,23.6,7.7,11.0,0.0,42,10.0,0.0
2025-08-31,26.4,29.8,24.1,7.1,13.0,0.0,58,11.5,1.5
2025-09-01,24.8,28.0,23.1,23.4,21.0,0.0,91,18.6,8.2
2025-09-02,24.2,28.5,19.8,0.0,0.0,0.0,39,7.6,0.0
2025-09-03,25.7,30.3,21.2,0.2,1.0,0.0,86,9.0,0.0
2025-09-04,24.7,28.6,22.6,26.0,13.0,0.0,69,10.0,0.0
2025-09-05,26.2,31.1,22.0,0.4,3.0,0.0,32,8.5,0.0
2025-09-06,25.7,29.9,23.8,36.2,18.0,0.0,76,19.3,28.7
2025-09-07,24.1,27.3,21.9,0.7,2.0,0.0,77,12.6,0.0
2025-09-08,23.1,26.6,20.5,0.2,1.0,0.0,95,7.0,0.0
2025-09-09,23.1,26.1,20.9,0.5,1.0,0.0,79,4.3,0.0
2025-09-10,23.3,29.3,18.3,0.0,0.0,0.0,3,5.8,0.0
2025-09-11,23.9,29.6,19.0,0.0,0.0,0.0,32,10.7,0.0
2025-09-12,22.5,26.1,20.1,6.2,8.0,0.0,100,14.8,1.5
2025-09-13,22.6,26.3,20.1,58.2,9.0,0.0,98,13.4,0.0
2025-09-14,23.3,27.6,20.2,0.1,1.0,0.0,76,9.7,0.0
2025-09-15,24.0,28.6,19.7,0.0,0.0,0.0,76,3.8,0.0
2025-09-16,23.3,27.1,20.9,13.3,12.0,0.0,84,12.2,3.0
2025-09-17,22.1,24.2,20.3,27.8,13.0,0.0,97,14.2,0.0
2025-09-18,21.2,24.9,18.2,0.0,0.0,0.0,74,14.4,0.0
2025-09-19,18.8,20.4,17.6,12.9,14.0,0.0,100,10.9,3.6
2025-09-20,19.1,22.6,16.8,29.7,9.0,0.0,71,13.4,0.0
2025-09-21,20.1,25.6,15.6,0.0,0.0,0.0,52,10.5,0.0
2025-09-22,19.6,23.8,16.4,0.0,0.0,0.0,99,9.6,0.0
2025-09-23,20.6,24.9,17.3,0.0,0.0,0.0,93,12.5,0.0
2025-09-24,20.8,24.2,18.5,38.3,11.0,0.0,78,16.7,14.0
2025-09-25,21.5,25.4,18.6,0.1,1.0,0.0,58,7.8,0.0
2025-09-26,20.4,25.0,16.9,0.0,0.0,0.0,64,6.0,0.0
2025-09-27,21.4,26.7,16.7,0.0,0.0,0.0,72,9.4,0.0
2025-09-28,20.1,22.7,18.2,23.5,11.0,0.0,92,11.6,0.0
2025-09-29,19.2,23.2,16.1,0.0,0.0,0.0,61,7.6,0.0
2025-09-30,18.7,22.2,16.2,0.4,3.0,0.0,72,6.1,0.0
2025-10-01,18.8,23.5,14.9,0.4,3.0,0.0,65,10.1,0.0
2025-10-02,20.4,25.0,16.5,0.0,0.0,0.0,99,5.6,0.0
2025-10-03,20.4,23.7,18.1,1.3,6.0,0.0,94,15.2,0.1
2025-10-04,21.0,23.3,19.3,0.0,0.0,0.0,93,7.9,0.0
2025-10-05,20.6,22.1,19.1,5.6,10.0,0.0,100,7.1,0.0
2025-10-06,18.0,20.0,15.5,30.5,20.0,0.0,97,18.9,15.5
2025-10-07,18.3,20.7,15.8,16.9,18.0,0.0,100,17.8,1.0
2025-10-08,20.4,26.4,16.1,0.0,0.0,0.0,19,8.3,0.0
2025-10-09,19.1,21.4,17.6,0.1,1.0,0.0,90,12.9,0.0
2025-10-10,17.0,18.5,15.8,20.8,23.0,0.0,100,12.5,4.2
2025-10-11,20.0,24.5,16.8,17.7,16.0,0.0,92,19.3,3.3
2025-10-12,18.3,21.7,15.9,1.4,3.0,0.0,89,12.3,0.1
2025-10-13,15.8,17.9,13.3,25.2,18.0,0.0,100,16.6,2.7
2025-10-14,16.5,19.8,13.9,2.4,9.0,0.0,86,11.3,0.0
2025-10-15,18.8,24.0,15.6,9.0,6.0,0.0,77,11.5,7.4
2025-10-16,19.4,23.6,16.8,6.9,6.0,0.0,51,13.4,0.0
2025-10-17,18.5,23.1,14.8,5.0,5.0,0.0,52,12.6,1.3
2025-10-18,15.6,17.5,12.7,12.8,9.0,0.0,100,14.0,0.0
2025-10-19,14.0,18.0,8.4,0.1,1.0,0.0,52,15.1,0.0
2025-10-20,9.3,14.7,5.2,0.1,1.0,0.0,66,11.0,0.0
2025-10-21,8.5,13.8,4.3,0.0,0.0,0.0,73,8.4,0.0
2025-10-22,11.4,17.7,5.0,0.2,2.0,0.0,41,7.7,0.0
2025-10-23,13.9,18.6,10.7,0.5,4.0,0.0,47,10.2,0.0
2025-10-24,14.4,19.3,11.1,0.2,1.0,0.0,71,10.0,0.0
2025-10-25,13.2,16.7,10.5,0.5,4.0,0.0,85,9.1,0.0
2025-10-26,12.1,14.5,10.4,0.0,0.0,0.0,87,11.9,0.0
2025-10-27,6.6,9.7,2.4,0.0,0.0,0.0,9,20.9,0.0
2025-10-28,6.4,11.5,1.4,0.0,0.0,0.0,1,7.4,0.0
2025-10-29,9.2,15.3,4.6,0.0,0.0,0.0,5,8.3,0.0
2025-10-30,10.6,16.3,5.7,0.0,0.0,0.0,87,6.4,0.0
2025-10-31,12.8,18.1,9.0,1.2,2.0,0.0,92,11.5,0.0
2025-11-01,11.7,15.4,9.1,0.9,3.0,0.0,45,14.7,0.2
2025-11-02,7.5,10.3,2.8,0.1,1.0,0.0,23,20.2,0.0
2025-11-03,5.0,11.3,-0.4,0.0,0.0,0.0,0,9.8,0.0
2025-11-04,7.8,13.6,3.2,0.0,0.0,0.0,14,6.5,0.0
2025-11-05,9.5,16.3,4.2,0.0,0.0,0.0,27,5.5,0.0
2025-11-06,10.6,16.7,4.8,0.0,0.0,0.0,69,9.8,0.0
2025-11-07,11.7,18.0,6.8,0.0,0.0,0.0,50,12.8,0.0
2025-11-08,12.2,15.2,10.2,0.1,1.0,0.0,99,9.9,0.0
2025-11-09,11.7,15.9,8.6,0.0,0.0,0.0,34,17.7,0.0
2025-11-10,7.4,10.2,4.7,0.0,0.0,0.0,13,13.8,0.0
2025-11-11,7.4,13.0,2.6,0.0,0.0,0.0,43,7.5,0.0
2025-11-12,8.6,14.8,3.5,0.0,0.0,0.0,21,7.1,0.0
2025-11-13,9.4,15.9,4.7,0.0,0.0,0.0,46,11.7,0.0
2025-11-14,7.3,12.8,2.9,0.0,0.0,0.0,0,8.7,0.0
2025-11-15,7.4,14.0,1.8,0.0,0.0,0.0,42,5.9,0.0
2025-11-16,9.4,15.7,3.3,0.8,3.0,0.0,37,16.9,0.6
2025-11-17,3.2,8.8,-0.8,0.0,0.0,0.0,71,19.1,0.0
2025-11-18,0.6,4.4,-2.9,0.0,0.0,0.0,25,11.3,0.0
2025-11-19,1.4,5.8,-2.3,0.0,0.0,0.0,0,7.2,0.0
2025-11-20,5.7,12.9,0.6,0.0,0.0,0.0,33,22.2,0.0
2025-11-21,5.7,10.6,0.3,0.0,0.0,0.0,23,19.8,0.0
2025-11-22,7.6,13.1,2.4,0.0,0.0,0.0,39,12.2,0.0
2025-11-23,9.0,13.3,4.8,0.4,4.0,0.0,95,15.2,0.0
2025-11-24,10.9,15.7,8.2,0.2,2.0,0.0,38,15.6,0.0
2025-11-25,6.6,8.7,4.0,3.5,5.0,0.0,77,18.4,0.0
2025-11-26,4.7,8.5,1.8,0.0,0.0,0.0,33,8.9,0.0
2025-11-27,4.5,9.0,2.2,9.1,6.0,0.0,68,18.1,0.0
2025-11-28,1.2,4.9,-2.0,0.0,0.0,0.0,3,14.2,0.0
2025-11-29,3.8,9.4,-1.3,0.4,4.0,0.0,40,11.7,0.2
2025-11-30,10.1,14.8,6.5,0.8,7.0,0.0,57,12.7,0.0
2025-12-01,4.7,10.3,1.0,0.0,0.0,0.0,16,16.3,0.0
2025-12-02,-1.0,1.5,-6.2,0.0,0.0,0.0,38,15.2,0.0
2025-12-03,-6.8,-4.0,-8.6,0.0,0.0,0.0,25,21.6,0.0
2025-12-04,-5.3,0.0,-10.0,1.7,3.0,1.19,19,18.2,1.7000000000000002
2025-12-05,-5.4,-0.7,-10.7,0.0,0.0,0.0,6,13.4,0.0
2025-12-06,0.3,4.3,-3.6,3.2,7.0,1.26,73,11.7,0.2
2025-12-07,4.3,10.7,-1.1,1.2,3.0,0.0,60,13.1,0.8999999999999999
2025-12-08,1.1,4.8,-1.9,0.0,0.0,0.0,6,13.6,0.0
2025-12-09,0.3,5.6,-3.6,0.0,0.0,0.0,28,9.4,0.0
2025-12-10,2.5,7.7,-1.5,0.1,1.0,0.0,58,9.2,0.0
2025-12-11,2.5,6.7,-3.7,11.2,5.0,0.0,43,17.6,0.0
2025-12-12,-0.1,5.0,-4.2,0.0,0.0,0.0,67,8.7,0.0
2025-12-13,0.9,2.2,-1.7,9.8,12.0,5.18,97,11.3,2.4
2025-12-14,-1.0,2.1,-3.3,0.0,0.0,0.0,31,17.2,0.0
2025-12-15,-0.6,4.3,-4.2,0.0,0.0,0.0,61,7.7,0.0
2025-12-16,1.0,2.9,-0.2,1.9,9.0,0.0,87,9.1,0.0
2025-12-17,1.5,5.5,-1.7,0.0,0.0,0.0,46,9.3,0.0
2025-12-18,-0.2,4.8,-3.3,0.0,0.0,0.0,15,5.3,0.0
2025-12-19,1.2,6.8,-2.4,0.0,0.0,0.0,55,8.9,0.0
2025-12-20,5.3,9.2,0.3,4.0,9.0,0.0,94,15.4,0.0
2025-12-21,-2.4,0.2,-4.5,0.0,0.0,0.0,39,14.8,0.0
2025-12-22,-2.6,2.3,-6.1,0.0,0.0,0.0,34,5.7,0.0
2025-12-23,0.2,2.2,-1.8,10.9,12.0,1.75,93,10.7,4.0
2025-12-24,0.5,3.1,-2.5,0.0,0.0,0.0,63,8.8,0.0
2025-12-25,-4.5,-1.2,-9.5,0.0,0.0,0.0,1,20.7,0.0
2025-12-26,-9.3,-5.8,-12.2,0.0,0.0,0.0,9,18.4,0.0
2025-12-27,-4.2,2.2,-8.8,0.0,0.0,0.0,77,5.5,0.0
2025-12-28,0.6,5.9,-3.6,1.2,2.0,0.21,60,10.5,0.1
2025-12-29,3.1,8.0,-1.9,0.7,5.0,0.0,35,14.2,0.0
2025-12-30,-1.9,1.7,-4.5,0.0,0.0,0.0,21,11.5,0.0
2025-12-31,-6.1,-2.2,-8.8,0.0,0.0,0.0,5,14.0,0.0
2026-01-01,-8.2,-4.4,-11.2,0.0,0.0,0.0,27,15.4,0.0
2026-01-02,-9.2,-5.8,-12.2,0.0,0.0,0.0,0,12.5,0.0
2026-01-03,-5.8,-0.9,-10.7,0.0,0.0,0.0,47,6.7,0.0
2026-01-04,-1.4,2.4,-4.6,0.0,0.0,0.0,79,9.7,0.0
2026-01-05,-2.9,0.1,-5.0,0.0,0.0,0.0,17,15.3,0.0
2026-01-06,-3.0,2.4,-7.6,0.0,0.0,0.0,23,7.8,0.0
2026-01-07,-1.3,0.9,-5.6,0.0,0.0,0.0,12,16.5,0.0
2026-01-08,-5.7,-3.2,-8.5,0.0,0.0,0.0,0,14.3,0.0
2026-01-09,-1.9,3.1,-7.7,0.1,1.0,0.0,63,11.4,0.1
2026-01-10,0.7,4.1,-5.0,7.1,9.0,2.1,59,31.5,0.0
2026-01-11,-7.3,-5.0,-9.5,0.0,0.0,0.0,8,20.4,0.0
2026-01-12,-5.6,0.3,-10.7,3.1,7.0,2.17,78,11.9,0.6
2026-01-13,-4.1,1.0,-8.5,0.2,1.0,0.07,10,20.4,0.0
2026-01-14,-5.3,-0.4,-10.6,0.2,1.0,0.0,35,11.4,0.0
2026-01-15,2.1,7.2,-1.4,0.0,0.0,0.0,75,10.6,0.0
2026-01-16,0.9,6.2,-1.7,0.0,0.0,0.0,71,8.3,0.0
2026-01-17,-1.7,1.8,-5.7,0.0,0.0,0.0,5,12.1,0.0
2026-01-18,-1.0,3.3,-4.4,0.8,5.0,0.56,75,7.0,0.4
2026-01-19,-4.7,-1.0,-10.5,2.4,8.0,1.61,72,18.2,0.0
2026-01-20,-10.4,-5.9,-13.8,0.0,0.0,0.0,45,14.3,0.0
2026-01-21,-11.0,-7.3,-14.3,0.0,0.0,0.0,1,16.1,0.0
2026-01-22,-10.6,-6.2,-14.8,0.0,0.0,0.0,1,15.4,0.0
2026-01-23,-8.0,-2.3,-13.2,0.8,2.0,0.56,36,5.5,0.0
2026-01-24,-7.3,-3.6,-12.7,0.0,0.0,0.0,5,14.8,0.0
2026-01-25,-8.2,-3.8,-12.2,0.0,0.0,0.0,16,11.4,0.0
2026-01-26,-7.2,-2.5,-11.4,0.0,0.0,0.0,83,6.6,0.0
2026-01-27,-5.7,-1.8,-9.0,0.0,0.0,0.0,19,14.3,0.0
2026-01-28,-6.8,-2.5,-10.7,0.0,0.0,0.0,0,14.1,0.0
2026-01-29,-6.6,-1.9,-10.6,0.0,0.0,0.0,16,15.3,0.0
2026-01-30,-7.8,-3.7,-11.4,0.0,0.0,0.0,47,10.7,0.0
2026-01-31,-6.4,-0.6,-12.1,0.0,0.0,0.0,24,10.8,0.0
2026-02-01,-3.8,0.6,-8.8,0.1,1.0,0.07,40,12.6,0.0
2026-02-02,-3.5,-0.5,-6.7,1.3,4.0,0.91,28,13.2,0.0
2026-02-03,-3.2,3.0,-8.9,0.0,0.0,0.0,20,11.0,0.0
2026-02-04,0.8,5.7,-2.3,0.0,0.0,0.0,69,9.2,0.0
2026-02-05,1.7,7.5,-3.1,0.0,0.0,0.0,84,16.3,0.0
2026-02-06,-6.7,-3.9,-9.8,0.0,0.0,0.0,80,17.0,0.0
2026-02-07,-8.7,-5.1,-11.0,0.0,0.0,0.0,29,18.7,0.0
2026-02-08,-9.1,-4.8,-13.3,0.0,0.0,0.0,0,15.8,0.0
2026-02-09,-5.2,1.3,-11.0,0.0,0.0,0.0,11,9.1,0.0
2026-02-10,-0.5,4.7,-3.3,0.6,6.0,0.21,100,8.3,0.1
2026-02-11,1.1,5.3,-1.8,0.0,0.0,0.0,65,12.1,0.0
2026-02-12,0.6,6.6,-4.0,0.0,0.0,0.0,23,11.9,0.0
2026-02-13,3.1,8.4,-0.4,0.0,0.0,0.0,75,10.5,0.0
2026-02-14,4.3,10.5,-0.5,0.0,0.0,0.0,94,9.5,0.0
2026-02-15,4.5,9.3,-1.2,0.0,0.0,0.0,66,15.7,0.0
2026-02-16,0.3,6.0,-3.7,0.0,0.0,0.0,56,10.0,0.0
2026-02-17,-0.7,4.7,-4.9,0.0,0.0,0.0,6,12.8,0.0
2026-02-18,1.1,5.0,-2.2,0.0,0.0,0.0,0,14.7,0.0
2026-02-19,-0.4,5.0,-4.2,0.0,0.0,0.0,0,10.8,0.0
2026-02-20,3.1,10.6,-2.5,0.0,0.0,0.0,4,11.5,0.0
2026-02-21,7.5,15.1,1.2,0.0,0.0,0.0,27,18.9,0.0
2026-02-22,6.9,10.8,0.1,0.1,1.0,0.0,46,23.1,0.0
2026-02-23,0.4,4.4,-2.7,0.0,0.0,0.0,51,13.6,0.0
2026-02-24,0.4,3.8,-1.4,1.3,9.0,0.91,76,6.6,0.0
2026-02-25,4.3,12.4,-1.7,0.0,0.0,0.0,0,11.5,0.0
2026-02-26,4.8,10.9,-1.4,0.0,0.0,0.0,75,8.7,0.0
2026-02-27,7.1,12.0,3.6,0.0,0.0,0.0,49,11.9,0.0
2026-02-28,6.2,13.7,-0.5,0.0,0.0,0.0,18,11.5,0.0
2026-03-01,6.6,11.5,3.1,0.5,3.0,0.0,98,13.7,0.1
2026-03-02,3.7,5.3,1.6,12.0,20.0,0.91,100,22.0,2.5
2026-03-03,4.5,9.7,1.0,1.4,6.0,0.21,85,12.8,0.0
2026-03-04,4.5,9.9,-0.6,0.0,0.0,0.0,27,11.8,0.0
2026-03-05,3.8,11.2,-1.2,11.8,7.0,4.62,79,10.5,6.3999999999999995
2026-03-06,1.0,4.0,-2.1,0.9,3.0,0.35,83,18.2,0.0
2026-03-07,-0.6,3.9,-4.1,0.0,0.0,0.0,2,12.5,0.0
2026-03-08,-0.2,4.9,-4.3,0.0,0.0,0.0,26,10.9,0.0
2026-03-09,2.7,6.8,-1.0,0.1,1.0,0.0,52,14.4,0.0
2026-03-10,1.5,6.8,-2.8,0.0,0.0,0.0,18,10.0,0.0
2026-03-11,2.5,7.9,-1.4,0.0,0.0,0.0,48,10.8,0.0
2026-03-12,4.8,11.5,-1.2,0.0,0.0,0.0,16,17.4,0.0
2026-03-13,5.3,10.6,0.4,0.0,0.0,0.0,24,10.8,0.0
2026-03-14,5.6,11.3,2.3,0.0,0.0,0.0,80,13.0,0.0
2026-03-15,5.2,9.7,2.4,0.4,4.0,0.0,69,12.9,0.0
2026-03-16,5.0,11.4,-0.3,0.0,0.0,0.0,75,7.7,0.0
2026-03-17,5.3,12.5,-1.5,0.0,0.0,0.0,13,5.4,0.0
2026-03-18,5.1,8.8,3.4,5.6,10.0,0.0,96,12.7,0.0
2026-03-19,4.1,10.5,-1.1,0.0,0.0,0.0,32,16.8,0.0
2026-03-20,5.2,11.5,-0.1,0.0,0.0,0.0,14,14.1,0.0
2026-03-21,5.5,12.5,-0.5,0.0,0.0,0.0,20,9.7,0.0
2026-03-22,7.6,15.6,2.1,0.0,0.0,0.0,59,12.5,0.0
2026-03-23,9.1,17.1,2.2,0.0,0.0,0.0,56,8.3,0.0
2026-03-24,10.3,16.0,5.3,0.0,0.0,0.0,93,11.2,0.0
2026-03-25,10.9,17.9,6.0,0.0,0.0,0.0,38,13.7,0.0
2026-03-26,10.1,17.6,4.8,0.0,0.0,0.0,11,12.5,0.0
2026-03-27,9.8,16.8,4.8,0.0,0.0,0.0,8,11.6,0.0
2026-03-28,10.1,18.4,4.7,0.0,0.0,0.0,23,9.6,0.0
2026-03-29,11.3,18.6,5.1,0.0,0.0,0.0,90,11.2,0.0
2026-03-30,12.9,18.3,9.0,1.3,3.0,0.0,100,7.8,0.2
2026-03-31,13.3,17.5,9.4,7.5,9.0,0.0,89,15.5,0.0
2026-04-01,11.5,16.4,8.5,0.1,1.0,0.0,81,13.5,0.0
2026-04-02,9.7,16.0,4.7,0.0,0.0,0.0,5,15.8,0.0
2026-04-03,12.6,20.4,6.6,0.0,0.0,0.0,98,12.5,0.0
2026-04-04,13.6,19.4,9.8,2.0,5.0,0.0,75,17.2,0.0
2026-04-05,10.3,15.9,6.8,4.1,2.0,0.0,78,15.1,0.0
2026-04-06,9.7,13.1,5.5,3.6,5.0,0.0,61,15.1,0.0
2026-04-07,6.7,12.4,1.5,0.0,0.0,0.0,1,15.3,0.0
2026-04-08,8.3,14.7,2.1,0.0,0.0,0.0,14,10.0,0.0
2026-04-09,8.9,10.8,6.7,29.5,14.0,0.0,100,14.8,4.5
2026-04-10,9.9,11.5,7.5,6.8,12.0,0.0,96,19.0,0.0
2026-04-11,10.0,15.5,7.2,0.0,0.0,0.0,80,15.3,0.0
2026-04-12,12.2,20.6,4.6,0.0,0.0,0.0,85,8.1,0.0
2026-04-13,15.7,24.3,7.2,0.0,0.0,0.0,49,7.9,0.0
2026-04-14,17.6,24.8,10.7,0.0,0.0,0.0,78,10.2,0.0
2026-04-15,16.8,24.6,11.0,0.0,0.0,0.0,42,15.3,0.0
2026-04-16,17.3,25.4,9.9,0.0,0.0,0.0,62,14.2,0.0
2026-04-17,16.1,20.5,13.0,0.0,0.0,0.0,69,13.7,0.0
2026-04-18,17.5,26.4,9.4,0.0,0.0,0.0,34,9.6,0.0
2026-04-19,20.3,29.0,13.4,0.0,0.0,0.0,50,14.1,0.0
2026-04-20,12.4,16.4,8.4,2.4,5.0,0.0,59,17.1,0.0
2026-04-21,11.0,17.4,5.5,0.0,0.0,0.0,56,15.8,0.0
2026-04-22,13.3,18.9,9.0,0.0,0.0,0.0,80,14.3,0.0
2026-04-23,16.0,22.5,9.8,0.0,0.0,0.0,91,14.4,0.0
2026-04-24,16.6,25.6,8.2,0.0,0.0,0.0,0,11.7,0.0
2026-04-25,17.2,25.1,10.4,0.0,0.0,0.0,0,14.6,0.0
2026-04-26,16.4,23.7,9.2,0.0,0.0,0.0,25,15.5,0.0
2026-04-27,14.8,21.7,11.3,4.0,4.0,0.0,84,14.4,3.3
2026-04-28,12.6,15.5,10.5,0.5,5.0,0.0,99,14.4,0.0
2026-04-29,13.3,19.5,7.5,0.0,0.0,0.0,82,14.9,0.0
2026-04-30,15.8,22.0,9.6,0.0,0.0,0.0,50,17.5,0.0
2026-05-01,17.0,24.8,12.3,0.0,0.0,0.0,48,20.4,0.0
2026-05-02,16.2,22.3,12.1,1.1,3.0,0.0,100,13.6,0.1
2026-05-03,12.7,14.6,10.8,11.5,18.0,0.0,100,15.1,0.7000000000000001
2026-05-04,13.0,19.3,8.1,0.7,2.0,0.0,17,20.9,0.0
2026-05-05,13.2,19.4,7.5,0.0,0.0,0.0,0,13.0,0.0
2026-05-06,15.4,22.8,9.0,0.0,0.0,0.0,18,14.7,0.0
2026-05-07,14.8,20.2,12.1,4.2,4.0,0.0,89,22.3,0.3
2026-05-08,14.8,19.6,10.1,0.0,0.0,0.0,4,23.1,0.0
2026-05-09,15.6,22.2,9.2,0.0,0.0,0.0,21,14.1,0.0
2026-05-10,16.9,24.1,10.5,0.0,0.0,0.0,56,12.1,0.0
2026-05-11,16.0,21.9,12.0,8.1,10.0,0.0,75,18.3,2.5
2026-05-12,18.4,24.7,14.7,1.2,6.0,0.0,67,10.3,0.0
2026-05-13,17.9,23.9,12.2,0.0,0.0,0.0,38,12.6,0.0
2026-05-14,23.0,31.3,13.7,0.0,0.0,0.0,8,10.9,0.0
2026-05-15,24.6,32.0,18.5,0.0,0.0,0.0,0,16.6,0.0
2026-05-16,23.9,30.0,18.3,0.0,0.0,0.0,2,14.6,0.0
2026-05-17,22.9,29.6,16.9,0.0,0.0,0.0,50,12.8,0.0
2026-05-18,23.4,29.9,16.5,0.0,0.0,0.0,42,13.9,0.0
2026-05-19,22.3,24.6,19.9,0.3,1.0,0.0,99,11.7,0.0
2026-05-20,17.6,21.9,15.3,49.0,17.0,0.0,100,20.3,17.099999999999998
2026-05-21,17.2,20.0,15.2,18.6,15.0,0.0,99,15.6,0.0
2026-05-22,19.3,25.1,14.9,0.0,0.0,0.0,76,14.2,0.0
2026-05-23,17.7,22.2,13.9,0.3,2.0,0.0,64,9.9,0.0
2026-05-24,20.4,26.7,14.3,0.0,0.0,0.0,34,7.6,0.0
2026-05-25,22.9,28.8,17.1,0.0,0.0,0.0,73,7.6,0.0
2026-05-26,23.3,27.6,20.5,3.4,7.0,0.0,96,10.2,1.9
2026-05-27,21.0,24.3,19.1,11.7,12.0,0.0,96,11.7,0.2
2026-05-28,20.2,25.6,17.0,2.0,10.0,0.0,68,14.2,0.2
2026-05-29,20.2,26.0,16.4,0.0,0.0,0.0,26,15.6,0.0
2026-05-30,20.6,26.9,15.2,0.0,0.0,0.0,0,13.4,0.0
2026-05-31,22.8,29.5,16.2,0.0,0.0,0.0,29,11.3,0.0
2026-06-01,22.9,28.1,17.4,0.0,0.0,0.0,88,11.6,0.0
2026-06-02,25.5,32.4,17.9,0.0,0.0,0.0,16,11.6,0.0
2026-06-03,25.8,32.0,20.5,0.2,2.0,0.0,72,12.5,0.0
2026-06-04,22.9,28.8,19.5,18.1,18.0,0.0,85,20.0,1.2
2026-06-05,20.2,25.0,15.9,0.9,6.0,0.0,45,16.8,0.0
2026-06-06,21.9,28.2,15.1,0.0,0.0,0.0,64,12.4,0.0
2026-06-07,22.2,24.8,19.3,2.1,2.0,0.0,83,13.5,2.1
2026-06-08,21.5,26.8,16.4,0.8,5.0,0.0,69,13.5,0.0
2026-06-09,22.1,28.7,16.4,0.0,0.0,0.0,22,17.3,0.0
2026-06-10,20.6,26.3,15.1,3.7,5.0,0.0,27,14.4,0.0
2026-06-11,20.8,25.8,16.4,0.7,4.0,0.0,38,17.4,0.1
2026-06-12,22.2,27.3,16.9,0.1,1.0,0.0,18,15.8,0.0
2026-06-13,24.3,32.1,16.9,0.0,0.0,0.0,32,13.0,0.0
2026-06-14,24.1,30.4,20.4,1.6,4.0,0.0,77,14.6,0.0
2026-06-15,25.5,33.3,18.5,0.4,2.0,0.0,52,14.8,0.3
2026-06-16,27.7,33.8,22.2,0.5,4.0,0.0,46,11.6,0.0
2026-06-17,27.2,32.9,22.7,1.5,8.0,0.0,40,10.8,0.4
2026-06-18,26.9,32.6,21.8,1.5,5.0,0.0,43,11.5,0.0
2026-06-19,26.9,34.2,22.3,9.0,13.0,0.0,90,19.2,5.3
2026-06-20,21.6,23.4,20.5,56.3,21.0,0.0,100,20.3,0.9
2026-06-21,22.6,26.6,19.4,0.2,2.0,0.0,99,12.6,0.0
2026-06-22,23.2,26.2,20.9,2.4,12.0,0.0,97,7.5,1.1
2026-06-23,23.9,28.9,19.6,0.6,2.0,0.0,39,12.8,0.0
2026-06-24,22.6,27.3,17.4,0.0,0.0,0.0,67,8.9,0.0
2026-06-25,21.3,24.0,18.8,0.7,5.0,0.0,81,7.8,0.6000000000000001
2026-06-26,22.6,28.3,17.0,0.3,1.0,0.0,33,8.0,0.0
2026-06-27,26.1,32.6,20.0,0.0,0.0,0.0,88,9.4,0.0
2026-06-28,26.2,31.7,22.3,1.5,7.0,0.0,42,10.1,0.1
2026-06-29,26.2,32.3,21.1,2.4,8.0,0.0,66,11.0,0.8999999999999999
2026-06-30,26.9,32.7,22.5,1.0,8.0,0.0,76,13.8,0.0
2026-07-01,26.3,32.3,21.9,2.8,9.0,0.0,87,11.5,0.7
2026-07-02,23.8,27.9,21.4,9.9,13.0,0.0,78,7.4,2.7
2026-07-03,25.0,29.3,21.7,3.6,14.0,0.0,76,12.0,0.0
2026-07-04,26.2,31.3,22.3,0.5,5.0,0.0,67,12.8,0.0
2026-07-05,25.4,30.5,22.6,23.1,16.0,0.0,92,11.1,7.8
2026-07-06,24.9,29.0,22.7,19.5,20.0,0.0,79,15.3,0.7999999999999999
2026-07-07,25.8,29.6,22.9,8.4,13.0,0.0,96,11.4,0.0
2026-07-08,25.4,27.5,23.2,22.8,11.0,0.0,94,20.7,0.0
2026-07-09,23.9,25.9,22.9,15.4,21.0,0.0,93,12.1,1.9
2026-07-10,24.4,27.8,22.1,35.6,22.0,0.0,96,13.5,1.8
2026-07-11,27.8,32.1,23.6,0.1,1.0,0.0,74,10.1,0.0
2026-07-12,29.5,34.0,24.8,0.4,3.0,0.0,47,12.7,0.2
2026-07-13,29.2,32.4,25.9,3.1,12.0,0.0,25,15.1,0.5
2026-07-14,28.0,32.4,25.3,45.6,17.0,0.0,83,26.7,14.1
2026-07-15,24.9,26.9,23.1,8.5,14.0,0.0,91,25.4,0.0
2026-07-16,25.6,29.8,21.7,0.2,2.0,0.0,72,9.1,0.0
2026-07-17,26.5,30.5,23.3,7.9,5.0,0.0,93,10.1,2.8
2026-07-18,24.8,27.7,19.7,58.2,20.0,0.0,96,20.6,1.4
2026-07-19,25.2,28.6,22.7,1.0,8.0,0.0,94,10.3,0.0
2026-07-20,24.3,26.3,23.1,24.2,18.0,0.0,96,10.9,0.5
2026-07-21,25.0,26.2,24.2,25.1,19.0,0.0,94,21.9,0.30000000000000004
2026-07-22,25.3,29.1,23.3,11.5,14.0,0.0,95,13.8,0.5
2026-07-23,25.3,27.8,23.8,50.8,24.0,0.0,99,15.9,1.9
2026-07-24,27.5,31.4,24.3,2.1,11.0,0.0,61,14.4,0.0
2026-07-25,27.3,30.3,24.9,3.6,14.0,0.0,89,13.4,0.1
2026-07-26,26.5,29.9,24.7,9.6,22.0,0.0,84,9.8,1.5
2026-07-27,26.1,29.9,23.4,6.8,15.0,0.0,92,12.3,1.1
2026-07-28,27.5,31.1,25.1,3.4,17.0,0.0,74,14.3,0.0
2026-07-29,27.6,31.6,25.1,0.3,3.0,0.0,59,14.2,0.0
2026-07-30,27.3,31.1,24.6,0.4,4.0,0.0,39,11.9,0.0
2026-07-31,28.1,32.1,24.6,1.4,10.0,0.0,48,14.7,0.1
2026-08-01,29.0,32.8,26.1,2.2,8.0,0.0,29,15.3,0.0
2026-08-02,29.6,34.1,26.3,0.0,0.0,0.0,39,11.9,0.0
2026-08-03,30.9,37.2,25.3,0.1,1.0,0.0,4,11.1,0.1
2026-08-04,32.0,36.6,28.7,2.7,9.0,0.0,26,8.9,0.1
2026-08-05,31.9,37.5,26.8,5.7,11.0,0.0,27,8.5,0.7
2026-08-06,33.3,38.6,28.8,0.0,0.0,0.0,14,8.5,0.0
2026-08-07,33.5,38.4,29.4,0.6,4.0,0.0,10,10.2,0.0
2026-08-08,29.4,34.2,25.2,12.7,9.0,0.0,25,18.4,0.7999999999999999
2026-08-09,27.4,32.7,23.8,0.2,2.0,0.0,65,18.1,0.0
2026-08-10,28.5,34.2,21.9,2.4,4.0,0.0,94,13.6,0.0
2026-08-11,27.9,33.6,23.3,0.0,0.0,0.0,66,18.0,0.0
2026-08-12,26.0,32.0,21.2,0.0,0.0,0.0,27,16.2,0.0
2026-08-13,27.0,32.3,22.4,0.9,5.0,0.0,71,10.6,0.1
2026-08-14,28.0,31.6,24.2,3.9,7.0,0.0,73,6.3,0.0
2026-08-15,25.0,27.3,23.6,14.2,13.0,0.0,95,8.9,3.3000000000000003
2026-08-16,24.7,26.8,23.1,7.6,10.0,0.0,89,12.1,0.0
2026-08-17,24.7,28.9,23.1,11.7,15.0,0.0,82,8.4,3.5
2026-08-18,26.6,30.9,23.2,0.9,7.0,0.0,40,12.1,0.0
2026-08-19,26.7,30.0,23.7,0.7,3.0,0.0,86,6.9,0.0
2026-08-20,26.4,30.3,24.2,6.7,7.0,0.0,92,6.4,4.7
2026-08-21,24.4,27.2,22.3,29.0,16.0,0.0,91,10.0,1.5
2026-08-22,24.0,27.4,22.8,45.5,22.0,0.0,89,11.8,5.3
2026-08-23,26.7,32.1,22.5,9.2,6.0,0.0,35,9.8,0.0
2026-08-24,27.5,31.4,24.6,0.5,2.0,0.0,17,13.0,0.0
2026-08-25,26.8,31.2,24.2,9.7,13.0,0.0,61,9.3,0.2
2026-08-26,27.1,29.7,24.6,0.3,3.0,0.0,85,6.7,0.0
2026-08-27,26.8,30.5,24.5,3.8,4.0,0.0,82,8.2,0.0
2026-08-28,25.8,29.3,24.4,8.7,11.0,0.0,90,11.4,3.8
2026-08-29,26.0,28.7,24.0,1.9,9.0,0.0,79,10.3,0.0
